index,Date,Region,Thermal Generation Actual (in MU),Thermal Generation Estimated (in MU),Nuclear Generation Actual (in MU),Nuclear Generation Estimated (in MU),Hydro Generation Actual (in MU),Hydro Generation Estimated (in MU),Total Actual Power,Total Estimated Power
0,2017-09-01,Northern,624.23,484.21,30.36,35.57,273.27,320.81,927.86,840.5899999999999
5,2017-09-02,Northern,624.23,507.42,30.36,35.69,273.27,317.19,927.86,860.3
10,2017-09-03,Northern,624.23,492.69,30.36,35.65,273.27,316.69,927.86,845.03
15,2017-09-04,Northern,624.23,568.34,30.36,35.62,273.27,297.47,927.86,901.4300000000001
20,2017-09-05,Northern,628.58,597.08,30.36,35.72,273.27,290.23,932.21,923.0300000000001
25,2017-09-06,Northern,628.58,628.93,30.36,35.86,273.27,296.1,932.21,960.89
30,2017-09-07,Northern,628.48,651.03,30.36,35.86,273.27,298.57,932.11,985.46
35,2017-09-08,Northern,628.48,689.88,30.36,35.68,273.27,289.16,932.11,1014.72
40,2017-09-09,Northern,631.16,717.43,30.36,35.58,273.27,278.05,934.79,1031.06
45,2017-09-10,Northern,620.05,729.84,30.36,35.72,273.27,275.4,923.68,1040.96
50,2017-09-11,Northern,623.3,733.92,30.36,35.66,273.27,283.93,926.93,1053.51
55,2017-09-12,Northern,623.3,739.87,30.36,34.56,273.27,271.18,926.93,1045.6100000000001
60,2017-09-13,Northern,628.08,753.8,30.36,30.69,273.27,263.43,931.71,1047.92
65,2017-09-14,Northern,628.08,720.86,30.36,30.71,273.27,257.44,931.71,1009.01
70,2017-09-15,Northern,628.08,703.6,30.36,30.66,273.27,260.56,931.71,994.8199999999999
75,2017-09-16,Northern,628.08,728.47,30.36,30.65,273.27,246.99,931.71,1006.11
80,2017-09-17,Northern,628.08,682.88,30.36,30.79,273.27,242.68,931.71,956.3499999999999
85,2017-09-18,Northern,628.08,701.28,30.36,28.65,273.27,244.07,931.71,974.0
90,2017-09-19,Northern,628.08,704.14,30.36,26.21,273.27,240.35,931.71,970.7
95,2017-09-20,Northern,624.13,719.08,30.36,26.15,273.27,238.72,927.76,983.95
100,2017-09-21,Northern,624.13,710.69,30.36,26.18,273.27,239.27,927.76,976.14
105,2017-09-22,Northern,222.44,209.74,0.0,0.0,68.81,62.09,291.25,271.83000000000004
110,2017-09-23,Northern,624.13,523.93,30.36,30.2,273.27,279.9,927.76,834.03
115,2017-09-24,Northern,624.13,520.12,30.36,31.43,273.27,292.18,927.76,843.73
120,2017-09-25,Northern,624.13,571.59,30.36,31.41,273.27,303.26,927.76,906.26
125,2017-09-26,Northern,626.73,646.01,30.36,31.99,273.27,261.67,930.36,939.6700000000001
130,2017-09-27,Northern,626.73,661.69,30.36,35.54,273.27,254.28,930.36,951.51
135,2017-09-28,Northern,630.62,668.2,30.36,35.75,273.27,248.29,934.25,952.24
140,2017-09-29,Northern,630.62,649.48,30.36,35.81,273.27,240.09,934.25,925.38
145,2017-09-30,Northern,630.62,661.15,30.36,35.83,273.27,236.19,934.25,933.1700000000001
150,2017-10-01,Northern,621.75,650.52,25.8,36.17,157.46,222.85,805.01,909.54
155,2017-10-03,Northern,621.75,691.52,25.8,36.03,157.46,218.56,805.01,946.1099999999999
160,2017-10-04,Northern,621.75,719.34,25.8,35.95,157.46,216.91,805.01,972.2
165,2017-10-05,Northern,621.75,741.62,25.8,35.91,157.46,212.62,805.01,990.15
170,2017-10-06,Northern,621.75,742.06,25.8,35.87,157.46,209.7,805.01,987.6299999999999
175,2017-10-07,Northern,621.75,750.1,25.8,36.04,157.46,208.0,805.01,994.14
180,2017-10-08,Northern,621.75,728.14,25.8,36.1,157.46,200.47,805.01,964.71
185,2017-10-09,Northern,621.75,727.35,25.8,36.01,157.46,195.33,805.01,958.69
190,2017-10-10,Northern,621.75,721.26,25.8,36.06,157.46,191.8,805.01,949.1199999999999
195,2017-10-11,Northern,621.75,714.42,25.8,35.96,157.46,185.07,805.01,935.45
200,2017-10-12,Northern,621.75,703.75,25.8,35.79,157.46,180.93,805.01,920.47
205,2017-10-13,Northern,621.75,704.49,25.8,36.05,157.46,177.37,805.01,917.91
210,2017-10-14,Northern,618.71,684.25,25.8,36.09,157.46,170.48,801.97,890.82
215,2017-10-15,Northern,633.77,655.21,25.8,36.08,157.46,165.81,817.03,857.1000000000001
220,2017-10-16,Northern,626.17,656.71,25.8,36.31,157.46,161.47,809.43,854.49
225,2017-10-17,Northern,629.21,684.75,25.8,36.35,157.46,160.11,812.47,881.21
230,2017-10-18,Northern,629.21,670.18,25.8,36.43,157.46,156.53,812.47,863.1399999999999
235,2017-10-19,Northern,639.52,628.37,25.8,36.34,157.46,157.32,822.78,822.03
240,2017-10-20,Northern,628.36,588.78,25.8,36.12,157.46,154.62,811.62,779.52
245,2017-10-21,Northern,628.36,580.35,25.8,36.26,157.46,152.29,811.62,768.9
250,2017-10-22,Northern,628.36,593.12,25.8,36.44,157.46,151.8,811.62,781.3599999999999
255,2017-10-23,Northern,628.36,618.21,25.8,36.49,157.46,149.28,811.62,803.98
260,2017-10-24,Northern,625.88,643.17,25.8,36.56,157.46,141.92,809.14,821.65
265,2017-10-25,Northern,625.88,639.06,25.8,36.58,157.46,139.43,809.14,815.0699999999999
270,2017-10-26,Northern,625.88,619.47,25.8,36.55,157.46,138.04,809.14,794.06
275,2017-10-27,Northern,625.88,623.01,25.8,36.65,157.46,138.15,809.14,797.81
280,2017-10-28,Northern,614.95,625.74,25.8,36.6,157.46,135.12,798.21,797.46
285,2017-10-29,Northern,614.95,586.92,25.8,36.66,157.46,132.36,798.21,755.9399999999999
290,2017-10-30,Northern,614.95,582.12,25.8,36.65,157.46,132.53,798.21,751.3
295,2017-10-31,Northern,614.95,587.37,25.8,36.67,157.46,131.11,798.21,755.15
300,2017-11-01,Northern,596.89,597.39,16.8,36.61,117.5,130.08,731.1899999999999,764.08
305,2017-11-02,Northern,596.89,610.59,16.8,36.55,117.5,132.07,731.1899999999999,779.21
310,2017-11-03,Northern,596.89,610.97,16.8,36.64,117.5,129.47,731.1899999999999,777.08
315,2017-11-04,Northern,596.89,627.31,16.8,36.71,117.5,125.23,731.1899999999999,789.25
320,2017-11-05,Northern,596.89,587.17,16.8,36.66,117.5,124.54,731.1899999999999,748.3699999999999
325,2017-11-06,Northern,596.89,614.09,16.8,36.73,117.5,126.7,731.1899999999999,777.5200000000001
330,2017-11-07,Northern,596.89,617.6,16.8,36.7,117.5,125.68,731.1899999999999,779.98
335,2017-11-08,Northern,596.89,639.05,16.8,36.88,117.5,122.78,731.1899999999999,798.7099999999999
340,2017-11-09,Northern,599.39,641.82,16.8,36.87,117.5,121.18,733.6899999999999,799.8700000000001
345,2017-11-10,Northern,596.06,645.07,16.8,36.84,117.5,118.1,730.3599999999999,800.0100000000001
350,2017-11-11,Northern,596.06,605.75,21.3,36.96,117.5,117.29,734.8599999999999,760.0
355,2017-11-12,Northern,593.56,566.41,21.3,36.93,117.5,112.02,732.3599999999999,715.3599999999999
360,2017-11-13,Northern,582.56,589.98,21.3,37.01,117.5,113.11,721.3599999999999,740.1
365,2017-11-14,Northern,579.64,608.03,21.3,36.96,117.5,108.93,718.4399999999999,753.9200000000001
370,2017-11-15,Northern,568.0,599.13,21.3,36.88,117.5,111.28,706.8,747.29
375,2017-11-16,Northern,574.07,592.14,21.3,36.9,117.5,110.98,712.87,740.02
380,2017-11-17,Northern,574.07,598.33,21.3,36.93,117.5,111.15,712.87,746.41
385,2017-11-18,Northern,574.07,586.46,21.3,37.13,117.5,112.45,712.87,736.0400000000001
390,2017-11-19,Northern,574.07,567.48,21.3,37.09,117.5,115.84,712.87,720.4100000000001
395,2017-11-20,Northern,584.12,585.78,21.3,37.2,117.5,110.1,722.92,733.08
400,2017-11-21,Northern,584.12,594.4,21.3,37.31,117.5,105.64,722.92,737.35
405,2017-11-22,Northern,581.44,597.21,21.3,37.26,117.5,104.61,720.24,739.08
410,2017-11-23,Northern,599.94,604.12,21.3,37.3,117.5,101.82,738.74,743.24
415,2017-11-24,Northern,599.94,588.53,21.3,37.36,117.5,101.16,738.74,727.05
420,2017-11-25,Northern,599.29,589.85,21.3,37.29,117.5,102.87,738.0899999999999,730.01
425,2017-11-26,Northern,601.84,568.87,21.3,37.29,117.5,102.31,740.64,708.47
430,2017-11-27,Northern,612.19,571.62,21.3,37.18,117.5,108.48,750.99,717.28
435,2017-11-28,Northern,614.85,594.04,21.3,37.16,117.5,104.92,753.65,736.1199999999999
440,2017-11-29,Northern,615.5,592.63,21.3,37.14,117.5,107.18,754.3,736.95
445,2017-11-30,Northern,618.83,598.02,21.3,37.15,117.5,106.8,757.63,741.9699999999999
450,2017-12-01,Northern,607.52,597.34,24.7,37.14,105.23,105.2,737.45,739.6800000000001
455,2017-12-02,Northern,607.5,602.44,24.7,36.3,105.23,109.52,737.4300000000001,748.26
460,2017-12-03,Northern,607.5,577.35,24.7,37.2,105.23,105.76,737.4300000000001,720.3100000000001
465,2017-12-04,Northern,620.86,589.21,24.7,37.25,105.23,107.08,750.7900000000001,733.5400000000001
470,2017-12-05,Northern,620.86,570.21,24.7,37.57,105.23,107.37,750.7900000000001,715.1500000000001
475,2017-12-06,Northern,633.15,562.75,24.7,37.32,105.23,106.81,763.08,706.8800000000001
480,2017-12-07,Northern,633.15,573.74,24.7,37.08,105.23,105.97,763.08,716.7900000000001
485,2017-12-08,Northern,633.15,587.37,24.7,37.39,105.23,107.21,763.08,731.97
490,2017-12-09,Northern,633.15,594.68,24.7,37.34,105.23,108.66,763.08,740.68
495,2017-12-10,Northern,623.9,577.47,24.7,37.39,105.23,107.53,753.83,722.39
500,2017-12-11,Northern,623.9,583.99,30.6,37.27,105.23,105.93,759.73,727.19
505,2017-12-12,Northern,623.9,546.3,30.6,37.36,105.23,115.39,759.73,699.05
510,2017-12-13,Northern,634.95,598.09,30.6,37.49,105.23,118.86,770.7800000000001,754.44
515,2017-12-14,Northern,636.29,602.29,30.6,37.44,105.23,112.38,772.12,752.11
520,2017-12-15,Northern,624.65,630.2,30.6,37.53,105.23,113.07,760.48,780.8
525,2017-12-16,Northern,625.32,627.48,30.6,37.65,105.23,112.36,761.1500000000001,777.49
530,2017-12-17,Northern,625.32,613.2,30.6,37.71,105.23,106.82,761.1500000000001,757.73
535,2017-12-18,Northern,625.32,614.91,30.6,37.49,105.23,112.15,761.1500000000001,764.55
540,2017-12-19,Northern,625.32,640.52,30.6,32.04,105.23,110.88,761.1500000000001,783.4399999999999
545,2017-12-20,Northern,625.32,643.44,30.6,32.13,105.23,113.97,761.1500000000001,789.5400000000001
550,2017-12-21,Northern,625.32,637.23,30.6,31.98,105.23,112.7,761.1500000000001,781.9100000000001
555,2017-12-22,Northern,627.92,641.87,30.6,31.97,105.23,113.39,763.75,787.23
560,2017-12-23,Northern,627.92,627.57,30.6,32.02,105.23,116.47,763.75,776.0600000000001
565,2017-12-24,Northern,627.92,612.07,30.6,32.14,105.23,112.27,763.75,756.48
570,2017-12-25,Northern,627.92,622.44,30.6,32.1,105.23,111.82,763.75,766.3600000000001
575,2017-12-26,Northern,630.59,651.47,30.6,32.05,105.23,117.61,766.4200000000001,801.13
580,2017-12-27,Northern,628.09,656.3,30.6,32.02,105.23,115.4,763.9200000000001,803.7199999999999
585,2017-12-28,Northern,630.77,644.03,30.6,31.99,105.23,113.79,766.6,789.81
590,2017-12-29,Northern,630.77,631.3,30.6,31.97,105.23,114.63,766.6,777.9
595,2017-12-30,Northern,630.77,631.8,30.6,32.01,105.23,113.63,766.6,777.4399999999999
600,2017-12-31,Northern,633.37,626.54,30.6,32.52,105.23,108.8,769.2,767.8599999999999
605,2018-01-01,Northern,626.6,625.16,30.31,32.09,96.18,110.0,753.0899999999999,767.25
610,2018-01-02,Northern,624.0,621.78,30.31,32.07,96.18,113.94,750.49,767.79
615,2018-01-03,Northern,624.0,637.94,30.31,32.09,96.18,113.87,750.49,783.9000000000001
620,2018-01-04,Northern,626.5,636.89,30.31,31.66,96.18,111.65,752.99,780.1999999999999
625,2018-01-05,Northern,629.13,641.63,30.31,32.18,96.18,110.03,755.6199999999999,783.8399999999999
630,2018-01-06,Northern,629.13,635.57,30.31,32.17,96.18,109.72,755.6199999999999,777.46
635,2018-01-07,Northern,629.13,626.33,30.31,32.23,96.18,108.45,755.6199999999999,767.0100000000001
640,2018-01-08,Northern,626.22,653.82,30.31,32.2,96.18,108.83,752.71,794.8500000000001
645,2018-01-09,Northern,626.22,661.38,30.31,32.18,96.18,106.69,752.71,800.25
650,2018-01-10,Northern,626.22,664.85,30.31,32.05,96.18,106.63,752.71,803.53
655,2018-01-11,Northern,626.22,663.06,30.31,32.22,96.18,108.06,752.71,803.3399999999999
660,2018-01-12,Northern,626.22,678.76,30.31,32.29,96.18,107.38,752.71,818.43
665,2018-01-13,Northern,626.22,670.85,30.31,32.18,96.18,104.5,752.71,807.53
670,2018-01-14,Northern,626.22,631.14,30.31,32.17,96.18,101.56,752.71,764.8699999999999
675,2018-01-15,Northern,626.22,647.56,30.31,31.98,96.18,105.38,752.71,784.92
680,2018-01-16,Northern,623.55,644.93,30.31,32.13,96.18,105.54,750.04,782.5999999999999
685,2018-01-17,Northern,623.55,659.3,30.31,32.17,96.18,105.05,750.04,796.5199999999999
690,2018-01-18,Northern,623.55,648.54,30.31,32.13,96.18,103.61,750.04,784.28
695,2018-01-19,Northern,623.55,657.23,30.31,31.99,96.18,100.2,750.04,789.4200000000001
700,2018-01-20,Northern,619.13,652.49,30.31,32.02,96.18,100.83,745.6199999999999,785.34
705,2018-01-21,Northern,619.13,629.0,30.31,32.16,96.18,98.32,745.6199999999999,759.48
710,2018-01-22,Northern,619.13,645.75,30.31,32.15,96.18,99.14,745.6199999999999,777.04
715,2018-01-23,Northern,616.44,612.9,30.31,32.05,96.18,95.8,742.9300000000001,740.7499999999999
720,2018-01-24,Northern,616.44,618.0,30.31,32.22,96.18,95.7,742.9300000000001,745.9200000000001
725,2018-01-25,Northern,613.98,644.94,30.31,32.11,96.18,97.76,740.47,774.8100000000001
730,2018-01-26,Northern,619.27,608.45,30.31,32.28,96.18,92.75,745.76,733.48
735,2018-01-27,Northern,619.27,629.54,30.31,32.19,96.18,92.95,745.76,754.6800000000001
740,2018-01-28,Northern,622.18,612.51,30.31,32.22,96.18,92.95,748.6699999999998,737.6800000000001
745,2018-01-29,Northern,622.18,644.05,30.31,32.28,96.18,95.11,748.6699999999998,771.4399999999999
750,2018-01-30,Northern,622.18,636.39,30.31,32.08,96.18,93.42,748.6699999999998,761.89
755,2018-01-31,Northern,626.18,643.76,30.31,32.06,96.18,93.48,752.6699999999998,769.3
760,2018-02-01,Northern,611.46,635.44,30.36,32.0,109.45,95.3,751.2700000000001,762.74
765,2018-02-02,Northern,611.46,650.47,30.36,31.86,109.45,96.39,751.2700000000001,778.72
770,2018-02-03,Northern,611.46,631.03,30.36,31.52,109.45,93.06,751.2700000000001,755.6099999999999
775,2018-02-04,Northern,611.46,600.66,30.36,32.05,109.45,93.65,751.2700000000001,726.3599999999999
780,2018-02-05,Northern,611.46,621.07,30.36,32.05,109.45,95.34,751.2700000000001,748.46
785,2018-02-06,Northern,614.11,636.43,30.36,26.6,109.45,93.64,753.9200000000001,756.67
790,2018-02-07,Northern,614.11,632.69,30.36,26.62,109.45,95.6,753.9200000000001,754.9100000000001
795,2018-02-08,Northern,614.11,635.96,30.36,27.79,109.45,92.6,753.9200000000001,756.35
800,2018-02-09,Northern,614.11,651.09,30.36,31.65,109.45,94.27,753.9200000000001,777.01
805,2018-02-10,Northern,614.11,650.88,30.36,31.86,109.45,93.31,753.9200000000001,776.05
810,2018-02-11,Northern,610.71,598.19,30.36,31.92,109.45,91.87,750.5200000000001,721.98
815,2018-02-12,Northern,608.21,555.2,30.36,31.75,109.45,90.08,748.0200000000001,677.0300000000001
820,2018-02-13,Northern,608.21,566.09,30.36,31.7,109.45,90.9,748.0200000000001,688.69
825,2018-02-14,Northern,608.21,598.77,30.36,31.83,109.45,94.92,748.0200000000001,725.52
830,2018-02-15,Northern,616.21,607.95,30.36,31.79,109.45,96.66,756.0200000000001,736.4
835,2018-02-16,Northern,616.21,627.46,30.36,31.82,109.45,95.49,756.0200000000001,754.7700000000001
840,2018-02-17,Northern,616.21,611.01,30.36,31.66,109.45,96.91,756.0200000000001,739.5799999999999
845,2018-02-18,Northern,616.21,582.75,30.36,31.78,109.45,93.96,756.0200000000001,708.49
850,2018-02-19,Northern,626.01,582.78,30.36,31.71,109.45,97.65,765.82,712.14
855,2018-02-20,Northern,620.85,607.92,30.36,31.5,109.45,97.73,760.6600000000001,737.15
860,2018-02-21,Northern,630.85,608.66,30.36,31.55,109.45,99.28,770.6600000000001,739.4899999999999
865,2018-02-22,Northern,633.56,616.84,30.36,31.47,109.45,97.77,773.37,746.08
870,2018-02-23,Northern,633.56,622.09,30.36,31.44,109.45,98.91,773.37,752.44
875,2018-02-24,Northern,633.56,592.86,30.36,31.4,109.45,94.15,773.37,718.41
880,2018-02-25,Northern,632.89,575.09,30.36,31.4,109.45,101.25,772.7,707.74
885,2018-02-26,Northern,632.25,614.35,30.36,31.52,109.45,106.45,772.0600000000001,752.32
890,2018-02-27,Northern,632.25,635.76,30.36,31.48,109.45,107.4,772.0600000000001,774.64
895,2018-02-28,Northern,634.75,661.54,30.36,31.38,109.45,107.45,774.5600000000001,800.37
900,2018-03-01,Northern,635.26,654.47,30.32,31.39,134.13,105.98,799.71,791.84
905,2018-03-02,Northern,635.26,554.5,30.32,31.27,134.13,104.7,799.71,690.47
910,2018-03-03,Northern,637.13,542.8,30.32,31.27,134.13,112.61,801.58,686.68
915,2018-03-04,Northern,637.13,562.84,30.32,31.41,134.13,112.52,801.58,706.77
920,2018-03-05,Northern,636.48,610.22,30.32,30.78,134.13,112.23,800.9300000000001,753.23
925,2018-03-06,Northern,635.83,647.31,30.32,25.96,134.13,107.62,800.2800000000001,780.89
930,2018-03-07,Northern,632.55,648.77,30.32,26.0,134.13,106.19,797.0,780.96
935,2018-03-08,Northern,631.9,642.28,30.32,25.8,134.13,105.78,796.35,773.8599999999999
940,2018-03-09,Northern,631.9,633.01,30.32,25.72,134.13,105.11,796.35,763.84
945,2018-03-10,Northern,631.9,640.62,30.32,25.78,134.13,104.13,796.35,770.53
950,2018-03-11,Northern,635.05,670.46,30.32,25.77,134.13,101.45,799.5,797.6800000000001
955,2018-03-12,Northern,635.75,690.77,30.32,25.6,134.13,99.21,800.2,815.58
960,2018-03-13,Northern,628.85,679.83,30.32,25.42,134.13,99.87,793.3000000000001,805.12
965,2018-03-14,Northern,618.7,673.49,30.32,28.54,134.13,102.8,783.1500000000001,804.8299999999999
970,2018-03-15,Northern,618.09,685.94,30.32,30.85,134.13,108.14,782.5400000000001,824.9300000000001
975,2018-03-16,Northern,617.44,683.89,30.32,31.04,134.13,105.07,781.8900000000001,820.0
980,2018-03-17,Northern,618.09,657.68,30.32,31.17,134.13,98.77,782.5400000000001,787.6199999999999
985,2018-03-18,Northern,618.09,642.37,30.32,30.34,134.13,99.05,782.5400000000001,771.76
990,2018-03-19,Northern,618.74,664.57,30.32,30.88,134.13,98.7,783.19,794.1500000000001
995,2018-03-20,Northern,619.39,664.76,30.32,30.85,134.13,99.35,783.84,794.96
1000,2018-03-21,Northern,623.37,643.01,30.32,29.8,134.13,97.94,787.82,770.75
1005,2018-03-22,Northern,624.02,646.41,30.32,25.9,134.13,100.66,788.47,772.9699999999999
1010,2018-03-23,Northern,624.02,651.19,30.32,26.44,134.13,101.37,788.47,779.0000000000001
1015,2018-03-24,Northern,624.02,637.74,30.32,30.55,134.13,101.89,788.47,770.18
1020,2018-03-25,Northern,624.02,599.15,30.32,31.09,134.13,100.87,788.47,731.11
1025,2018-03-26,Northern,624.02,635.47,30.32,30.93,134.13,98.18,788.47,764.5799999999999
1030,2018-03-27,Northern,624.67,634.68,30.32,30.92,134.13,96.16,789.12,761.7599999999999
1035,2018-03-28,Northern,624.67,656.12,30.32,30.85,134.13,95.55,789.12,782.52
1040,2018-03-29,Northern,625.32,649.8,30.32,30.82,134.13,97.26,789.7700000000001,777.88
1045,2018-03-30,Northern,625.97,633.74,30.32,30.83,134.13,93.2,790.4200000000001,757.7700000000001
1050,2018-03-31,Northern,628.5,599.11,30.32,30.88,134.13,89.39,792.95,719.38
1055,2018-04-01,Northern,657.76,552.66,22.5,36.09,154.72,95.71,834.98,684.46
1060,2018-04-02,Northern,657.76,600.38,22.5,36.05,154.72,104.47,834.98,740.9
1065,2018-04-03,Northern,682.27,634.5,22.5,36.06,154.72,108.76,859.49,779.3199999999999
1070,2018-04-04,Northern,682.27,662.82,22.5,36.04,154.72,115.23,859.49,814.09
1075,2018-04-05,Northern,638.68,635.3,22.5,34.15,154.72,108.13,815.9,777.5799999999999
1080,2018-04-06,Northern,640.97,618.14,22.5,31.13,154.72,106.01,818.19,755.28
1085,2018-04-07,Northern,640.97,555.83,22.5,29.62,154.72,108.85,818.19,694.3000000000001
1090,2018-04-08,Northern,640.97,559.83,22.5,30.45,154.72,104.73,818.19,695.0100000000001
1095,2018-04-09,Northern,640.97,532.72,22.5,30.75,154.72,111.09,818.19,674.5600000000001
1100,2018-04-10,Northern,635.21,561.19,22.5,30.57,154.72,111.67,812.4300000000001,703.4300000000001
1105,2018-04-11,Northern,637.57,527.89,22.5,28.66,154.72,117.18,814.7900000000001,673.73
1110,2018-04-12,Northern,635.07,524.66,22.5,30.83,154.72,121.24,812.2900000000001,676.73
1115,2018-04-13,Northern,635.07,564.95,22.5,30.64,154.72,112.04,812.2900000000001,707.63
1120,2018-04-14,Northern,634.85,575.03,22.5,30.6,154.72,108.37,812.07,714.0
1125,2018-04-15,Northern,633.45,569.61,22.5,30.77,154.72,100.27,810.6700000000001,700.65
1130,2018-04-16,Northern,633.45,595.53,22.5,29.18,154.72,98.19,810.6700000000001,722.8999999999999
1135,2018-04-17,Northern,633.45,620.14,22.5,26.26,154.72,102.79,810.6700000000001,749.1899999999999
1140,2018-04-18,Northern,631.21,618.93,22.5,26.39,154.72,102.94,808.4300000000001,748.26
1145,2018-04-19,Northern,631.21,633.05,22.5,26.05,154.72,107.26,808.4300000000001,766.3599999999999
1150,2018-04-20,Northern,633.71,598.29,22.5,26.21,154.72,111.32,810.9300000000001,735.8199999999999
1155,2018-04-21,Northern,633.23,639.05,22.5,26.19,154.72,115.34,810.45,780.58
1160,2018-04-22,Northern,633.23,599.51,22.5,26.03,154.72,112.12,810.45,737.66
1165,2018-04-23,Northern,633.23,648.95,22.5,26.13,154.72,118.87,810.45,793.95
1170,2018-04-24,Northern,633.23,665.59,22.5,25.94,154.72,127.75,810.45,819.2800000000001
1175,2018-04-25,Northern,633.23,680.01,22.5,25.86,154.72,138.19,810.45,844.06
1180,2018-04-26,Northern,633.23,680.66,22.5,25.71,154.72,150.83,810.45,857.2
1185,2018-04-27,Northern,633.23,697.1,22.5,20.92,154.72,159.6,810.45,877.62
1190,2018-04-28,Northern,630.56,714.5,22.5,20.86,154.72,163.81,807.78,899.1700000000001
1195,2018-04-29,Northern,633.06,671.69,22.5,20.75,154.72,168.85,810.28,861.2900000000001
1200,2018-04-30,Northern,636.39,624.62,22.5,22.49,154.72,177.88,813.61,824.99
1205,2018-05-01,Northern,628.57,593.17,24.66,26.01,244.89,189.84,898.12,809.02
1210,2018-05-02,Northern,628.57,567.45,24.66,25.63,244.89,205.31,898.12,798.3900000000001
1215,2018-05-03,Northern,628.57,492.84,24.66,23.24,244.89,212.87,898.12,728.9499999999999
1220,2018-05-04,Northern,628.57,587.09,24.66,27.23,244.89,187.89,898.12,802.21
1225,2018-05-05,Northern,628.94,628.96,24.66,27.15,244.89,178.99,898.49,835.1
1230,2018-05-06,Northern,629.44,587.77,24.66,30.12,244.89,172.61,898.99,790.5
1235,2018-05-07,Northern,629.44,647.1,24.66,30.29,244.89,168.79,898.99,846.18
1240,2018-05-08,Northern,629.44,596.53,24.66,30.12,244.89,176.63,898.99,803.28
1245,2018-05-09,Northern,629.28,633.71,24.66,30.09,244.89,169.16,898.8299999999999,832.96
1250,2018-05-10,Northern,632.08,660.58,24.66,29.71,244.89,156.48,901.63,846.7700000000001
1255,2018-05-11,Northern,632.92,682.4,24.66,29.83,244.89,158.59,902.4699999999999,870.82
1260,2018-05-12,Northern,632.92,674.11,24.66,29.9,244.89,179.13,902.4699999999999,883.14
1265,2018-05-13,Northern,632.92,622.57,24.66,29.65,244.89,184.35,902.4699999999999,836.57
1270,2018-05-14,Northern,632.92,531.01,24.66,30.07,244.89,192.18,902.4699999999999,753.26
1275,2018-05-15,Northern,636.36,632.85,24.66,29.93,244.89,185.28,905.91,848.06
1280,2018-05-16,Northern,645.24,666.69,28.41,30.23,244.89,180.51,918.54,877.4300000000001
1285,2018-05-17,Northern,645.24,688.03,28.41,33.51,244.89,189.05,918.54,910.5899999999999
1290,2018-05-18,Northern,647.45,704.28,28.41,34.83,244.89,197.16,920.75,936.27
1295,2018-05-19,Northern,649.43,714.48,28.41,34.79,244.89,169.72,922.7299999999999,918.99
1300,2018-05-20,Northern,646.95,713.14,28.41,34.74,244.89,178.7,920.25,926.5799999999999
1305,2018-05-21,Northern,646.95,728.05,28.41,34.87,244.89,190.86,920.25,953.78
1310,2018-05-22,Northern,646.95,760.51,28.41,34.54,244.89,206.6,920.25,1001.65
1315,2018-05-23,Northern,647.32,782.5,28.41,34.52,244.89,220.91,920.62,1037.93
1320,2018-05-24,Northern,647.32,763.24,28.41,34.71,244.89,220.54,920.62,1018.49
1325,2018-05-25,Northern,647.32,737.49,28.41,30.02,244.89,222.94,920.62,990.45
1330,2018-05-26,Northern,647.32,732.18,28.41,30.68,244.89,228.26,920.62,991.1199999999999
1335,2018-05-27,Northern,647.32,740.48,28.41,29.88,244.89,221.04,920.62,991.4
1340,2018-05-28,Northern,648.94,769.71,28.41,30.43,244.89,211.24,922.24,1011.38
1345,2018-05-29,Northern,648.94,770.38,28.41,33.79,244.89,204.61,922.24,1008.78
1350,2018-05-30,Northern,649.8,744.44,28.41,34.63,244.89,215.04,923.0999999999999,994.11
1355,2018-05-31,Northern,649.8,774.24,28.41,34.51,244.89,235.33,923.0999999999999,1044.08
1360,2018-06-01,Northern,649.77,706.63,30.83,34.51,303.99,249.64,984.59,990.78
1365,2018-06-02,Northern,647.41,605.58,30.83,35.46,303.99,267.69,982.23,908.73
1370,2018-06-03,Northern,647.41,602.32,30.83,34.58,303.99,294.3,982.23,931.2
1375,2018-06-04,Northern,651.38,678.1,30.83,34.44,303.99,305.08,986.2,1017.6199999999999
1380,2018-06-05,Northern,651.38,689.01,30.83,34.43,303.99,307.86,986.2,1031.3
1385,2018-06-06,Northern,651.38,630.3,30.83,34.43,303.99,316.05,986.2,980.78
1390,2018-06-07,Northern,663.59,662.52,30.83,34.58,303.99,259.48,998.4100000000001,956.58
1395,2018-06-08,Northern,663.59,661.81,30.83,31.77,303.99,306.63,998.4100000000001,1000.2099999999999
1400,2018-06-09,Northern,663.59,573.06,30.83,29.5,303.99,300.49,998.4100000000001,903.05
1405,2018-06-10,Northern,671.9,530.41,30.83,30.2,303.99,305.43,1006.72,866.04
1410,2018-06-11,Northern,667.8,607.2,30.83,33.74,303.99,320.49,1002.62,961.4300000000001
1415,2018-06-12,Northern,667.8,651.67,30.83,33.47,303.99,397.38,1002.62,1082.52
1420,2018-06-13,Northern,667.8,648.18,30.83,24.08,303.99,334.69,1002.62,1006.95
1425,2018-06-14,Northern,667.8,658.22,30.83,24.4,303.99,288.77,1002.62,971.39
1430,2018-06-15,Northern,667.8,672.15,30.83,24.47,303.99,308.07,1002.62,1004.69
1435,2018-06-16,Northern,667.8,643.51,30.83,33.99,303.99,310.01,1002.62,987.51
1440,2018-06-17,Northern,667.8,534.96,30.83,34.56,303.99,280.67,1002.62,850.19
1445,2018-06-18,Northern,667.8,602.2,30.83,34.47,303.99,265.86,1002.62,902.5300000000001
1450,2018-06-19,Northern,667.94,681.48,30.83,34.51,303.99,211.88,1002.7600000000001,927.87
1455,2018-06-20,Northern,664.82,773.39,30.83,34.84,303.99,213.85,999.6400000000001,1022.08
1460,2018-06-21,Northern,664.82,797.59,30.83,34.55,303.99,250.69,999.6400000000001,1082.83
1465,2018-06-22,Northern,665.68,805.07,30.83,30.78,303.99,263.56,1000.5,1099.41
1470,2018-06-23,Northern,665.68,812.84,30.83,29.1,303.99,274.78,1000.5,1116.72
1475,2018-06-24,Northern,665.68,787.34,30.83,29.6,303.99,267.82,1000.5,1084.76
1480,2018-06-25,Northern,658.72,802.55,30.83,29.56,303.99,277.74,993.5400000000001,1109.85
1485,2018-06-26,Northern,658.72,746.82,30.83,29.67,303.99,288.2,993.5400000000001,1064.69
1490,2018-06-27,Northern,658.72,672.74,30.83,32.51,303.99,278.12,993.5400000000001,983.37
1495,2018-06-28,Northern,658.72,529.28,30.83,34.33,303.99,286.18,993.5400000000001,849.79
1500,2018-06-29,Northern,658.72,555.63,30.83,34.64,303.99,285.19,993.5400000000001,875.46
1505,2018-06-30,Northern,658.72,593.23,30.83,33.85,303.99,312.89,993.5400000000001,939.97
1510,2018-07-01,Northern,645.49,572.79,30.72,30.37,314.44,325.24,990.6500000000001,928.4
1515,2018-07-02,Northern,645.3,575.61,30.72,29.97,314.44,328.83,990.46,934.4100000000001
1520,2018-07-03,Northern,644.14,560.86,30.72,30.29,314.44,332.48,989.3,923.63
1525,2018-07-04,Northern,644.14,524.93,30.72,30.51,314.44,325.38,989.3,880.8199999999999
1530,2018-07-05,Northern,644.14,604.03,30.72,30.23,314.44,300.98,989.3,935.24
1535,2018-07-06,Northern,645.02,682.4,30.72,30.32,314.44,287.11,990.1800000000001,999.83
1540,2018-07-07,Northern,645.02,723.03,30.72,30.28,314.44,304.22,990.1800000000001,1057.53
1545,2018-07-08,Northern,641.42,682.1,30.72,30.22,314.44,319.99,986.5799999999999,1032.31
1550,2018-07-09,Northern,647.51,737.91,30.72,30.6,314.44,329.56,992.6700000000001,1098.07
1555,2018-07-10,Northern,633.21,736.07,30.72,30.13,314.44,334.11,978.3700000000001,1100.31
1560,2018-07-11,Northern,633.4,703.39,30.72,30.2,314.44,327.4,978.56,1060.99
1565,2018-07-12,Northern,633.4,685.41,30.72,30.17,314.44,318.31,978.56,1033.8899999999999
1570,2018-07-13,Northern,633.4,636.05,30.72,30.46,314.44,312.03,978.56,978.54
1575,2018-07-14,Northern,633.4,599.04,30.72,30.67,314.44,318.13,978.56,947.8399999999999
1580,2018-07-15,Northern,637.99,604.12,30.72,30.39,314.44,320.79,983.1500000000001,955.3
1585,2018-07-16,Northern,634.79,653.35,30.72,30.17,314.44,314.85,979.95,998.37
1590,2018-07-17,Northern,634.98,637.03,30.72,30.09,314.44,318.27,980.1400000000001,985.39
1595,2018-07-18,Northern,634.98,662.89,30.72,30.35,314.44,321.33,980.1400000000001,1014.5699999999999
1600,2018-07-19,Northern,634.98,651.67,30.72,30.48,314.44,333.96,980.1400000000001,1016.1099999999999
1605,2018-07-20,Northern,637.23,634.42,30.72,30.46,314.44,335.4,982.3900000000001,1000.28
1610,2018-07-21,Northern,637.23,554.25,30.72,30.52,314.44,336.38,982.3900000000001,921.15
1615,2018-07-22,Northern,650.83,505.3,30.72,30.56,314.44,335.16,995.99,871.02
1620,2018-07-23,Northern,650.83,540.27,30.72,27.51,314.44,315.3,995.99,883.0799999999999
1625,2018-07-24,Northern,650.83,571.32,30.72,30.54,314.44,334.45,995.99,936.31
1630,2018-07-25,Northern,650.83,549.15,30.72,30.54,314.44,325.77,995.99,905.4599999999999
1635,2018-07-26,Northern,658.16,463.16,30.72,30.63,314.44,301.48,1003.3199999999999,795.27
1640,2018-07-27,Northern,658.16,440.49,30.72,30.66,314.44,307.9,1003.3199999999999,779.05
1645,2018-07-28,Northern,658.16,452.05,30.72,30.61,314.44,297.18,1003.3199999999999,779.84
1650,2018-07-29,Northern,658.15,441.93,30.72,30.44,314.44,331.92,1003.31,804.29
1655,2018-07-30,Northern,658.15,475.79,30.72,30.6,314.44,349.96,1003.31,856.35
1660,2018-07-31,Northern,658.15,529.9,30.72,30.58,314.44,357.01,1003.31,917.49
1665,2018-08-01,Northern,669.65,558.75,30.72,30.8,327.74,352.26,1028.1100000000001,941.81
1670,2018-08-02,Northern,669.65,598.95,30.72,30.73,327.74,348.15,1028.1100000000001,977.83
1675,2018-08-03,Northern,669.65,612.07,30.72,30.59,327.74,343.92,1028.1100000000001,986.5800000000002
1680,2018-08-04,Northern,664.65,637.84,30.72,26.66,327.74,338.35,1023.11,1002.85
1685,2018-08-05,Northern,667.84,612.98,30.72,30.59,327.74,332.76,1026.3000000000002,976.33
1690,2018-08-06,Northern,667.84,594.42,30.72,30.62,327.74,330.75,1026.3000000000002,955.79
1695,2018-08-07,Northern,656.82,625.15,30.72,30.6,327.74,284.99,1015.2800000000001,940.74
1700,2018-08-08,Northern,655.94,637.84,30.72,30.6,327.74,291.62,1014.4000000000001,960.0600000000001
1705,2018-08-09,Northern,655.94,672.69,30.72,30.46,327.74,271.04,1014.4000000000001,974.19
1710,2018-08-10,Northern,655.94,717.07,30.72,30.42,327.74,289.19,1014.4000000000001,1036.68
1715,2018-08-11,Northern,655.94,670.0,30.72,30.58,327.74,315.08,1014.4000000000001,1015.6600000000001
1720,2018-08-12,Northern,656.79,596.89,30.72,29.91,327.74,336.43,1015.25,963.23
1725,2018-08-13,Northern,657.67,629.39,30.72,28.44,327.74,309.32,1016.13,967.1500000000001
1730,2018-08-14,Northern,660.9,649.18,30.72,29.99,327.74,301.93,1019.36,981.0999999999999
1735,2018-08-15,Northern,660.9,578.89,30.72,29.63,327.74,336.9,1019.36,945.42
1740,2018-08-16,Northern,660.9,594.69,30.72,30.53,327.74,343.23,1019.36,968.45
1745,2018-08-17,Northern,660.9,616.72,30.72,28.99,327.74,356.42,1019.36,1002.1300000000001
1750,2018-08-18,Northern,660.89,636.59,30.72,30.24,327.74,314.73,1019.35,981.5600000000001
1755,2018-08-19,Northern,658.54,574.75,30.72,29.43,327.74,346.64,1017.0,950.8199999999999
1760,2018-08-20,Northern,658.54,601.75,30.72,30.43,327.74,351.83,1017.0,984.01
1765,2018-08-21,Northern,659.25,639.59,30.72,30.35,327.74,358.83,1017.71,1028.77
1770,2018-08-22,Northern,659.25,640.74,30.72,30.47,327.74,350.74,1017.71,1021.95
1775,2018-08-23,Northern,657.25,589.8,30.72,27.97,327.74,319.46,1015.71,937.23
1780,2018-08-24,Northern,654.9,591.0,30.72,25.0,327.74,290.02,1013.36,906.02
1785,2018-08-25,Northern,654.9,583.58,30.72,26.82,327.74,337.77,1013.36,948.1700000000001
1790,2018-08-26,Northern,656.9,560.91,30.72,30.03,327.74,334.45,1015.36,925.3899999999999
1795,2018-08-27,Northern,659.25,591.06,30.72,30.43,327.74,353.1,1017.71,974.5899999999999
1800,2018-08-28,Northern,659.25,600.52,30.72,30.39,327.74,353.7,1017.71,984.6099999999999
1805,2018-08-29,Northern,669.47,592.21,30.72,30.45,327.74,346.08,1027.93,968.74
1810,2018-08-30,Northern,669.47,588.29,30.72,30.46,327.74,349.76,1027.93,968.51
1815,2018-09-01,Northern,668.23,572.74,26.33,30.48,257.18,351.88,951.74,955.1
1820,2018-09-02,Northern,668.23,515.2,26.33,30.58,257.18,349.66,951.74,895.44
1825,2018-09-03,Northern,668.23,481.95,26.33,34.43,257.18,356.62,951.74,873.0
1830,2018-09-04,Northern,668.23,505.89,26.33,34.51,257.18,350.82,951.74,891.22
1835,2018-09-05,Northern,663.73,520.26,26.33,29.26,257.18,360.04,947.24,909.56
1840,2018-09-06,Northern,663.73,547.92,26.33,29.45,257.18,352.26,947.24,929.63
1845,2018-09-07,Northern,667.36,540.58,26.33,29.51,257.18,352.15,950.8700000000001,922.24
1850,2018-09-08,Northern,665.65,524.27,26.33,24.73,257.18,345.7,949.1600000000001,894.7
1855,2018-09-09,Northern,665.65,521.77,26.33,24.35,257.18,341.86,949.1600000000001,887.98
1860,2018-09-10,Northern,665.65,575.2,26.33,29.04,257.18,328.35,949.1600000000001,932.59
1865,2018-09-11,Northern,665.65,609.14,26.33,29.74,257.18,328.21,949.1600000000001,967.0899999999999
1870,2018-09-12,Northern,665.65,608.03,26.33,28.67,257.18,320.42,949.1600000000001,957.1199999999999
1875,2018-09-13,Northern,670.59,612.35,26.33,28.74,257.18,307.21,954.1000000000001,948.3
1880,2018-09-14,Northern,670.59,651.34,26.33,29.65,257.18,301.93,954.1000000000001,982.9200000000001
1885,2018-09-15,Northern,667.38,681.46,26.33,29.63,257.18,283.36,950.8900000000001,994.45
1890,2018-09-16,Northern,667.38,726.81,26.33,29.73,257.18,255.44,950.8900000000001,1011.98
1895,2018-09-17,Northern,667.38,758.82,26.33,28.78,257.18,249.07,950.8900000000001,1036.67
1900,2018-09-18,Northern,666.5,776.69,26.33,28.77,257.18,238.26,950.01,1043.72
1905,2018-09-19,Northern,666.5,775.72,26.33,29.72,257.18,242.8,950.01,1048.24
1910,2018-09-20,Northern,656.61,761.68,26.33,28.71,257.18,242.38,940.1200000000001,1032.77
1915,2018-09-21,Northern,656.61,725.84,26.33,29.71,257.18,246.37,940.1200000000001,1001.9200000000001
1920,2018-09-22,Northern,656.61,546.35,26.33,29.8,257.18,258.63,940.1200000000001,834.78
1925,2018-09-23,Northern,657.49,459.46,26.33,29.86,257.18,285.03,941.0,774.3499999999999
1930,2018-09-24,Northern,657.49,476.06,26.33,29.59,257.18,317.83,941.0,823.48
1935,2018-09-25,Northern,661.99,535.65,26.33,30.07,257.18,297.54,945.5,863.26
1940,2018-09-26,Northern,661.99,582.01,26.33,26.39,257.18,294.4,945.5,902.8
1945,2018-09-27,Northern,661.99,644.17,26.33,25.38,257.18,284.1,945.5,953.65
1950,2018-09-28,Northern,661.99,684.78,26.33,25.42,257.18,267.54,945.5,977.74
1955,2018-09-29,Northern,661.99,717.95,26.33,24.4,257.18,261.58,945.5,1003.9300000000001
1960,2018-09-30,Northern,661.99,709.58,26.33,25.44,257.18,256.07,945.5,991.0900000000001
1965,2018-10-01,Northern,647.58,761.93,21.76,25.38,153.81,243.36,823.1500000000001,1030.67
1970,2018-10-02,Northern,647.58,755.16,21.76,28.97,153.81,238.66,823.1500000000001,1022.79
1975,2018-10-03,Northern,647.58,790.07,21.76,28.88,153.81,240.81,823.1500000000001,1059.76
1980,2018-10-04,Northern,647.58,813.52,21.76,25.38,153.81,233.89,823.1500000000001,1072.79
1985,2018-10-05,Northern,650.77,801.68,21.76,29.03,153.81,229.77,826.3399999999999,1060.48
1990,2018-10-06,Northern,650.77,768.3,21.76,26.38,153.81,224.34,826.3399999999999,1019.02
1995,2018-10-07,Northern,650.77,742.31,21.76,26.43,153.81,218.76,826.3399999999999,987.4999999999999
2000,2018-10-08,Northern,650.77,775.52,21.76,30.11,153.81,209.2,826.3399999999999,1014.8299999999999
2005,2018-10-09,Northern,653.12,772.09,21.76,30.11,153.81,203.79,828.69,1005.99
2010,2018-10-10,Northern,653.12,802.3,21.76,29.93,153.81,207.83,828.69,1040.06
2015,2018-10-11,Northern,653.12,742.6,21.76,30.25,153.81,201.39,828.69,974.24
2020,2018-10-12,Northern,650.64,689.4,21.76,30.92,153.81,196.9,826.21,917.2199999999999
2025,2018-10-13,Northern,652.27,669.66,21.76,35.16,153.81,189.58,827.8399999999999,894.4
2030,2018-10-14,Northern,652.27,623.41,21.76,33.18,153.81,186.28,827.8399999999999,842.8699999999999
2035,2018-10-15,Northern,648.53,658.97,21.76,29.73,153.81,180.11,824.0999999999999,868.8100000000001
2040,2018-10-16,Northern,641.27,696.22,26.14,29.74,153.81,185.2,821.22,911.1600000000001
2045,2018-10-17,Northern,641.27,704.89,26.14,30.71,153.81,179.93,821.22,915.53
2050,2018-10-18,Northern,641.27,695.58,26.14,29.67,153.81,177.17,821.22,902.42
2055,2018-10-19,Northern,645.59,671.21,26.14,30.85,153.81,173.77,825.54,875.83
2060,2018-10-20,Northern,647.59,657.07,26.14,30.56,153.81,172.74,827.54,860.37
2065,2018-10-21,Northern,645.29,665.63,26.14,30.84,153.81,168.73,825.24,865.2
2070,2018-10-22,Northern,645.29,669.64,26.14,30.91,153.81,163.98,825.24,864.53
2075,2018-10-23,Northern,645.66,694.64,26.14,29.89,153.81,165.73,825.6099999999999,890.26
2080,2018-10-24,Northern,646.14,692.44,26.14,30.19,153.81,160.8,826.0899999999999,883.4300000000001
2085,2018-10-25,Northern,646.14,691.85,26.14,30.26,153.81,160.72,826.0899999999999,882.83
2090,2018-10-26,Northern,646.14,681.23,26.14,30.87,153.81,154.9,826.0899999999999,867.0
2095,2018-10-27,Northern,646.14,665.25,26.14,30.91,153.81,156.3,826.0899999999999,852.46
2100,2018-10-28,Northern,646.14,629.5,26.14,30.91,153.81,157.75,826.0899999999999,818.16
2105,2018-10-29,Northern,648.71,644.4,26.14,29.84,153.81,155.78,828.6600000000001,830.02
2110,2018-10-30,Northern,649.02,658.65,26.14,29.83,153.81,156.97,828.97,845.45
2115,2018-10-31,Northern,657.02,662.95,26.14,29.89,153.81,152.14,836.97,844.98
2120,2018-11-01,Northern,655.95,682.75,26.06,30.19,115.79,145.74,797.8,858.6800000000001
2125,2018-11-02,Northern,659.28,691.0,26.06,30.19,115.79,147.91,801.1299999999999,869.1
2130,2018-11-03,Northern,659.42,666.76,26.06,30.16,115.79,154.84,801.2699999999999,851.76
2135,2018-11-04,Northern,661.61,611.83,26.06,31.24,115.79,161.99,803.4599999999999,805.0600000000001
2140,2018-11-05,Northern,662.15,659.36,26.06,31.11,115.79,160.73,803.9999999999999,851.2
2145,2018-11-06,Northern,650.55,663.89,26.06,31.34,115.79,159.52,792.3999999999999,854.75
2150,2018-11-07,Northern,650.55,606.15,26.06,31.31,115.79,153.25,792.3999999999999,790.7099999999999
2155,2018-11-08,Northern,650.55,525.83,26.06,30.41,115.79,156.09,792.3999999999999,712.33
2160,2018-11-09,Northern,643.92,556.39,26.06,30.42,115.79,155.89,785.7699999999999,742.6999999999999
2165,2018-11-10,Northern,629.42,584.24,26.06,30.37,115.79,155.79,771.2699999999999,770.4
2170,2018-11-11,Northern,624.02,597.65,26.06,30.32,115.79,151.54,765.8699999999999,779.51
2175,2018-11-12,Northern,624.02,607.0,26.06,30.82,115.79,149.34,765.8699999999999,787.1600000000001
2180,2018-11-13,Northern,624.02,623.76,26.06,31.22,115.79,146.57,765.8699999999999,801.55
2185,2018-11-14,Northern,624.02,618.02,26.06,31.08,115.79,144.74,765.8699999999999,793.84
2190,2018-11-15,Northern,621.52,611.34,26.06,31.16,115.79,145.98,763.3699999999999,788.48
2195,2018-11-16,Northern,628.65,607.26,30.59,31.41,115.79,143.32,775.03,781.99
2200,2018-11-17,Northern,628.65,612.43,30.59,31.5,115.79,138.88,775.03,782.81
2205,2018-11-18,Northern,626.01,599.06,30.59,31.4,115.79,133.12,772.39,763.5799999999999
2210,2018-11-19,Northern,626.01,608.47,30.59,31.26,115.79,132.85,772.39,772.58
2215,2018-11-20,Northern,600.75,606.9,30.59,31.09,115.79,138.36,747.13,776.35
2220,2018-11-21,Northern,603.05,596.58,30.59,31.33,115.79,134.67,749.43,762.58
2225,2018-11-22,Northern,603.05,606.07,30.59,31.4,115.79,130.23,749.43,767.7
2230,2018-11-23,Northern,603.05,595.26,30.59,31.18,115.79,130.79,749.43,757.2299999999999
2235,2018-11-24,Northern,603.05,601.95,30.59,31.4,115.79,130.07,749.43,763.4200000000001
2240,2018-11-25,Northern,603.05,597.35,30.59,31.35,115.79,121.41,749.43,750.11
2245,2018-11-26,Northern,608.29,600.93,30.59,31.34,115.79,124.04,754.67,756.31
2250,2018-11-27,Northern,608.29,610.01,30.59,31.38,115.79,125.62,754.67,767.01
2255,2018-11-28,Northern,608.29,608.1,30.59,31.36,115.79,117.44,754.67,756.9000000000001
2260,2018-11-29,Northern,608.29,614.89,30.59,31.41,115.79,116.09,754.67,762.39
2265,2018-11-30,Northern,618.29,625.32,30.59,31.52,115.79,118.45,764.67,775.2900000000001
2270,2018-12-01,Northern,611.0,601.64,26.24,28.55,103.54,114.8,740.78,744.9899999999999
2275,2018-12-02,Northern,611.0,547.77,26.24,31.65,103.54,112.94,740.78,692.3599999999999
2280,2018-12-03,Northern,611.0,580.07,26.24,30.88,103.54,115.16,740.78,726.11
2285,2018-12-04,Northern,617.57,597.95,26.24,28.55,103.54,114.6,747.35,741.1
2290,2018-12-05,Northern,616.85,612.92,26.24,31.6,103.54,116.02,746.63,760.54
2295,2018-12-06,Northern,627.58,612.21,26.24,35.26,103.54,115.94,757.36,763.4100000000001
2300,2018-12-07,Northern,628.04,585.7,26.24,36.36,103.54,113.83,757.8199999999999,735.8900000000001
2305,2018-12-08,Northern,628.3,590.49,26.24,36.58,103.54,116.85,758.0799999999999,743.9200000000001
2310,2018-12-09,Northern,630.65,587.39,26.24,36.59,103.54,112.46,760.43,736.44
2315,2018-12-10,Northern,638.56,616.61,26.24,36.58,103.54,114.12,768.3399999999999,767.3100000000001
2320,2018-12-11,Northern,638.56,606.31,26.24,36.62,103.54,114.34,768.3399999999999,757.27
2325,2018-12-12,Northern,638.56,589.47,26.24,36.64,103.54,112.81,768.3399999999999,738.9200000000001
2330,2018-12-13,Northern,638.56,594.15,26.24,34.44,103.54,114.22,768.3399999999999,742.81
2335,2018-12-14,Northern,635.1,589.85,26.24,35.63,103.54,118.24,764.88,743.72
2340,2018-12-15,Northern,633.47,581.09,26.24,36.6,103.54,121.67,763.25,739.36
2345,2018-12-16,Northern,635.97,580.86,26.24,36.56,103.54,117.82,765.75,735.24
2350,2018-12-17,Northern,636.83,612.75,26.24,34.48,103.54,117.39,766.61,764.62
2355,2018-12-18,Northern,636.83,623.22,26.24,31.14,103.54,118.23,766.61,772.59
2360,2018-12-19,Northern,647.98,632.53,26.24,31.21,103.54,121.26,777.76,785.0
2365,2018-12-20,Northern,662.72,644.16,26.24,31.28,103.54,122.03,792.5,797.4699999999999
2370,2018-12-21,Northern,668.27,635.63,26.24,31.24,103.54,120.96,798.05,787.83
2375,2018-12-22,Northern,669.13,636.88,26.24,31.32,103.54,116.61,798.91,784.8100000000001
2380,2018-12-23,Northern,669.13,614.67,26.24,31.35,103.54,117.54,798.91,763.56
2385,2018-12-24,Northern,669.13,622.33,26.24,31.29,103.54,114.68,798.91,768.3
2390,2018-12-25,Northern,679.56,625.42,26.24,31.08,103.54,115.96,809.3399999999999,772.46
2395,2018-12-26,Northern,689.83,665.23,26.24,30.31,103.54,114.14,819.61,809.68
2400,2018-12-27,Northern,692.69,675.71,26.24,30.91,103.54,113.39,822.47,820.01
2405,2018-12-28,Northern,692.69,680.18,26.24,33.05,103.54,111.22,822.47,824.4499999999999
2410,2018-12-29,Northern,692.69,670.71,26.24,25.34,103.54,111.65,822.47,807.7
2415,2018-12-30,Northern,697.69,638.27,26.24,25.62,103.54,112.43,827.47,776.3199999999999
2420,2018-12-31,Northern,695.43,652.53,26.24,29.49,103.54,114.88,825.2099999999999,796.9
2425,2019-01-01,Northern,691.66,651.74,22.4,31.31,96.87,113.54,810.93,796.5899999999999
2430,2019-01-02,Northern,691.66,660.41,22.4,30.33,96.87,110.9,810.93,801.64
2435,2019-01-03,Northern,692.52,646.85,22.4,29.66,96.87,110.69,811.79,787.2
2440,2019-01-04,Northern,692.52,651.34,22.4,30.61,96.87,109.86,811.79,791.8100000000001
2445,2019-01-05,Northern,686.77,636.64,22.4,30.25,96.87,103.8,806.04,770.6899999999999
2450,2019-01-06,Northern,686.77,612.53,22.4,29.8,96.87,104.09,806.04,746.42
2455,2019-01-07,Northern,686.77,636.7,22.4,30.45,96.87,94.27,806.04,761.4200000000001
2460,2019-01-08,Northern,689.1,681.53,22.4,30.36,96.87,93.71,808.37,805.6
2465,2019-01-09,Northern,689.1,692.69,22.4,29.93,96.87,93.86,808.37,816.48
2470,2019-01-10,Northern,678.6,685.31,22.4,29.89,96.87,94.98,797.87,810.18
2475,2019-01-11,Northern,678.6,673.78,22.4,28.32,96.87,94.25,797.87,796.35
2480,2019-01-12,Northern,678.6,662.6,22.4,26.65,96.87,94.63,797.87,783.88
2485,2019-01-13,Northern,678.6,643.72,22.4,26.66,96.87,93.6,797.87,763.98
2490,2019-01-14,Northern,676.86,627.25,22.4,26.64,96.87,98.72,796.13,752.61
2495,2019-01-15,Northern,674.0,664.33,26.16,26.14,96.87,93.82,797.03,784.29
2500,2019-01-16,Northern,665.62,669.99,26.16,26.1,96.87,94.07,788.65,790.1600000000001
2505,2019-01-17,Northern,665.62,672.74,26.16,26.06,96.87,104.51,788.65,803.31
2510,2019-01-18,Northern,665.62,680.78,26.16,26.0,96.87,103.25,788.65,810.03
2515,2019-01-19,Northern,665.62,679.01,26.16,26.53,96.87,106.0,788.65,811.54
2520,2019-01-20,Northern,664.76,622.93,26.16,25.95,96.87,97.46,787.79,746.34
2525,2019-01-21,Northern,664.76,595.48,26.16,26.51,96.87,111.56,787.79,733.55
2530,2019-01-22,Northern,665.62,541.6,26.16,26.59,96.87,106.25,788.65,674.44
2535,2019-01-23,Northern,674.0,597.22,26.16,26.57,96.87,113.36,797.03,737.1500000000001
2540,2019-01-24,Northern,667.72,601.3,26.16,26.61,96.87,107.31,790.75,735.22
2545,2019-01-25,Northern,665.3,597.26,26.16,26.63,96.87,110.1,788.3299999999999,733.99
2550,2019-01-26,Northern,667.97,552.35,26.16,26.68,96.87,110.35,791.0,689.38
2555,2019-01-27,Northern,667.97,556.87,26.16,26.66,96.87,114.11,791.0,697.64
2560,2019-01-28,Northern,667.97,608.25,26.16,26.64,96.87,118.39,791.0,753.28
2565,2019-01-29,Northern,667.97,624.24,26.16,26.65,96.87,115.82,791.0,766.71
2570,2019-01-30,Northern,665.49,626.86,26.16,26.6,96.87,115.84,788.52,769.3000000000001
2575,2019-01-31,Northern,683.32,617.19,26.16,25.97,96.87,117.93,806.35,761.0900000000001
2580,2019-02-01,Northern,659.86,587.28,26.91,24.4,105.09,115.85,791.86,727.53
2585,2019-02-02,Northern,659.86,608.3,26.91,21.49,105.09,111.02,791.86,740.81
2590,2019-02-03,Northern,659.86,582.52,26.91,22.56,105.09,113.79,791.86,718.8699999999999
2595,2019-02-04,Northern,659.86,597.26,26.91,25.14,105.09,111.46,791.86,733.86
2600,2019-02-05,Northern,659.86,618.47,26.91,26.32,105.09,107.45,791.86,752.2400000000001
2605,2019-02-06,Northern,660.73,597.52,26.91,25.11,105.09,106.94,792.73,729.5699999999999
2610,2019-02-07,Northern,663.23,522.48,26.91,20.34,105.09,112.09,795.23,654.9100000000001
2615,2019-02-08,Northern,669.11,540.22,26.91,21.0,105.09,115.9,801.11,677.12
2620,2019-02-09,Northern,658.98,573.5,26.91,21.07,105.09,117.69,790.98,712.26
2625,2019-02-10,Northern,658.98,563.35,26.91,21.03,105.09,113.6,790.98,697.98
2630,2019-02-11,Northern,655.48,564.01,26.91,21.0,105.09,115.68,787.48,700.69
2635,2019-02-12,Northern,655.48,573.44,26.91,20.94,105.09,114.65,787.48,709.0300000000001
2640,2019-02-13,Northern,656.17,583.48,26.91,20.83,105.09,121.78,788.17,726.09
2645,2019-02-14,Northern,664.91,562.08,26.91,19.11,105.09,120.72,796.91,701.9100000000001
2650,2019-02-15,Northern,664.91,560.88,26.91,22.69,105.09,131.88,796.91,715.45
2655,2019-02-16,Northern,664.91,552.17,26.91,26.22,105.09,135.22,796.91,713.61
2660,2019-02-17,Northern,664.91,521.9,26.91,26.65,105.09,137.91,796.91,686.4599999999999
2665,2019-02-18,Northern,664.91,529.11,26.91,26.08,105.09,129.65,796.91,684.84
2670,2019-02-19,Northern,664.91,548.52,26.91,26.53,105.09,123.97,796.91,699.02
2675,2019-02-20,Northern,664.88,557.39,26.91,25.87,105.09,129.29,796.88,712.55
2680,2019-02-21,Northern,665.92,534.44,26.91,26.22,105.09,152.6,797.92,713.2600000000001
2685,2019-02-22,Northern,665.06,526.58,26.91,26.35,105.09,174.04,797.06,726.97
2690,2019-02-23,Northern,665.06,532.44,26.91,25.57,105.09,165.21,797.06,723.2200000000001
2695,2019-02-24,Northern,670.86,523.2,26.91,29.13,105.09,158.37,802.86,710.7
2700,2019-02-25,Northern,670.86,536.52,26.91,29.8,105.09,150.38,802.86,716.6999999999999
2705,2019-02-26,Northern,670.86,525.83,26.91,29.79,105.09,149.07,802.86,704.69
2710,2019-02-27,Northern,670.86,506.96,26.91,30.0,105.09,142.55,802.86,679.51
2715,2019-02-28,Northern,673.21,527.94,26.91,29.15,105.09,144.69,805.21,701.78
2720,2019-03-01,Northern,668.42,553.92,26.88,30.1,121.72,142.81,817.02,726.8299999999999
2725,2019-03-02,Northern,668.42,527.42,26.88,29.36,121.72,142.05,817.02,698.8299999999999
2730,2019-03-03,Northern,668.42,465.57,26.88,29.68,121.72,136.91,817.02,632.16
2735,2019-03-04,Northern,669.28,487.66,26.88,30.74,121.72,141.53,817.88,659.93
2740,2019-03-05,Northern,669.28,502.11,26.88,30.74,121.72,140.05,817.88,672.9000000000001
2745,2019-03-06,Northern,671.43,525.3,26.88,31.04,121.72,138.83,820.03,695.17
2750,2019-03-07,Northern,668.95,553.11,26.88,31.06,121.72,139.14,817.5500000000001,723.31
2755,2019-03-08,Northern,669.81,552.36,26.88,30.98,121.72,135.35,818.41,718.69
2760,2019-03-09,Northern,669.81,553.17,26.88,30.91,121.72,135.11,818.41,719.1899999999999
2765,2019-03-10,Northern,669.81,541.58,26.88,30.96,121.72,132.47,818.41,705.0100000000001
2770,2019-03-11,Northern,669.81,555.94,26.88,31.2,121.72,137.15,818.41,724.2900000000001
2775,2019-03-12,Northern,669.81,573.33,26.88,31.12,121.72,141.25,818.41,745.7
2780,2019-03-13,Northern,665.93,581.45,26.88,31.18,121.72,139.67,814.53,752.3
2785,2019-03-14,Northern,654.78,559.54,26.88,31.2,121.72,140.21,803.38,730.95
2790,2019-03-15,Northern,654.91,549.26,26.88,31.39,121.72,145.29,803.51,725.9399999999999
2795,2019-03-16,Northern,654.91,549.12,26.88,35.46,121.72,149.54,803.51,734.12
2800,2019-03-17,Northern,654.91,535.9,26.88,35.99,121.72,138.01,803.51,709.9
2805,2019-03-18,Northern,660.12,576.89,26.88,30.85,121.72,139.35,808.72,747.09
2810,2019-03-19,Northern,669.66,558.58,26.88,30.18,121.72,142.42,818.26,731.18
2815,2019-03-20,Northern,659.45,541.64,26.88,30.31,121.72,146.7,808.0500000000001,718.6499999999999
2820,2019-03-21,Northern,658.49,476.27,26.88,30.56,121.72,146.88,807.09,653.71
2825,2019-03-22,Northern,658.49,495.12,26.88,30.41,121.72,143.7,807.09,669.23
2830,2019-03-23,Northern,660.84,520.2,26.88,30.42,121.72,142.52,809.44,693.14
2835,2019-03-24,Northern,660.84,518.01,26.88,30.33,121.72,142.28,809.44,690.62
2840,2019-03-25,Northern,660.84,526.18,26.88,30.42,121.72,137.87,809.44,694.4699999999999
2845,2019-03-26,Northern,669.84,528.68,26.88,30.49,121.72,141.09,818.44,700.26
2850,2019-03-27,Northern,669.84,571.91,26.88,30.51,121.72,148.91,818.44,751.3299999999999
2855,2019-03-28,Northern,678.07,575.34,26.88,30.24,121.72,162.7,826.6700000000001,768.28
2860,2019-03-29,Northern,678.07,610.26,26.88,30.15,121.72,173.88,826.6700000000001,814.29
2865,2019-03-30,Northern,678.07,626.76,26.88,29.93,121.72,180.18,826.6700000000001,836.8699999999999
2870,2019-03-31,Northern,678.07,537.38,26.88,30.15,121.72,182.79,826.6700000000001,750.3199999999999
2875,2019-04-01,Northern,694.44,566.18,27.03,30.3,159.92,181.17,881.39,777.6499999999999
2880,2019-04-02,Northern,694.44,589.45,27.03,30.24,159.92,181.13,881.39,800.82
2885,2019-04-03,Northern,691.8,587.61,27.03,30.11,159.92,195.95,878.7499999999999,813.6700000000001
2890,2019-04-04,Northern,691.8,593.94,27.03,29.9,159.92,187.49,878.7499999999999,811.33
2895,2019-04-05,Northern,684.12,580.72,27.03,29.64,159.92,188.76,871.0699999999999,799.12
2900,2019-04-06,Northern,684.12,565.31,27.03,29.84,159.92,204.91,871.0699999999999,800.06
2905,2019-04-07,Northern,684.12,505.06,27.03,29.88,159.92,206.46,871.0699999999999,741.4000000000001
2910,2019-04-08,Northern,684.12,536.23,27.03,30.01,159.92,199.85,871.0699999999999,766.09
2915,2019-04-09,Northern,684.16,561.94,27.03,29.86,159.92,190.1,871.1099999999999,781.9000000000001
2920,2019-04-10,Northern,684.16,600.1,27.03,29.81,159.92,194.97,871.1099999999999,824.88
2925,2019-04-11,Northern,698.95,621.81,27.03,29.55,159.92,202.23,885.9,853.5899999999999
2930,2019-04-12,Northern,698.95,609.79,27.03,27.74,159.92,208.85,885.9,846.38
2935,2019-04-13,Northern,700.17,600.55,27.03,30.03,159.92,199.5,887.1199999999999,830.0799999999999
2940,2019-04-14,Northern,700.21,581.12,27.03,30.0,159.92,197.14,887.16,808.26
2945,2019-04-15,Northern,697.43,584.83,27.03,34.38,159.92,194.36,884.3799999999999,813.57
2950,2019-04-16,Northern,697.43,481.25,27.03,35.83,159.92,208.94,884.3799999999999,726.02
2955,2019-04-17,Northern,697.43,455.21,27.03,36.14,159.92,205.12,884.3799999999999,696.47
2960,2019-04-18,Northern,694.78,467.91,27.03,35.05,159.92,197.93,881.7299999999999,700.8900000000001
2965,2019-04-19,Northern,694.78,504.66,27.03,35.29,159.92,187.73,881.7299999999999,727.6800000000001
2970,2019-04-20,Northern,686.78,540.36,27.03,35.66,159.92,189.0,873.7299999999999,765.02
2975,2019-04-21,Northern,688.88,527.08,27.03,35.62,159.92,196.97,875.8299999999999,759.6700000000001
2980,2019-04-22,Northern,688.88,563.39,27.03,35.34,159.92,206.68,875.8299999999999,805.4100000000001
2985,2019-04-23,Northern,688.88,574.23,27.03,33.42,159.92,235.02,875.8299999999999,842.67
2990,2019-04-24,Northern,689.08,594.36,27.03,30.16,159.92,245.57,876.03,870.0899999999999
2995,2019-04-25,Northern,694.08,638.18,27.03,30.55,159.92,254.31,881.03,923.04
3000,2019-04-26,Northern,693.92,646.25,27.03,29.63,159.92,271.02,880.8699999999999,946.9
3005,2019-04-27,Northern,696.7,656.81,27.03,30.75,159.92,260.91,883.65,948.47
3010,2019-04-28,Northern,693.89,641.73,27.03,30.69,159.92,262.58,880.8399999999999,935.0
3015,2019-04-29,Northern,693.89,657.87,27.03,30.77,159.92,265.62,880.8399999999999,954.26
3020,2019-04-30,Northern,693.79,658.14,27.03,30.7,159.92,266.58,880.7399999999999,955.4200000000001
3025,2019-05-01,Northern,706.34,637.72,26.92,30.75,260.86,259.84,994.12,928.31
3030,2019-05-02,Northern,706.34,622.64,26.92,30.82,260.86,243.42,994.12,896.88
3035,2019-05-03,Northern,709.86,571.97,26.92,30.01,260.86,239.01,997.64,840.99
3040,2019-05-04,Northern,707.89,607.15,26.92,30.93,260.86,228.81,995.67,866.8899999999999
3045,2019-05-05,Northern,707.89,605.46,26.92,30.99,260.86,228.0,995.67,864.45
3050,2019-05-06,Northern,721.17,599.43,26.92,30.8,260.86,231.2,1008.9499999999999,861.4299999999998
3055,2019-05-07,Northern,721.17,620.84,26.92,30.77,260.86,245.18,1008.9499999999999,896.79
3060,2019-05-08,Northern,721.17,639.34,26.92,30.75,260.86,242.83,1008.9499999999999,912.9200000000001
3065,2019-05-09,Northern,721.17,646.66,26.92,29.78,260.86,259.91,1008.9499999999999,936.3499999999999
3070,2019-05-10,Northern,723.99,657.18,26.92,29.84,260.86,267.17,1011.77,954.19
3075,2019-05-11,Northern,721.34,653.65,26.92,29.96,260.86,272.57,1009.12,956.1800000000001
3080,2019-05-12,Northern,721.34,648.2,26.92,29.93,260.86,261.2,1009.12,939.3299999999999
3085,2019-05-13,Northern,721.34,652.64,26.92,29.9,260.86,240.41,1009.12,922.9499999999999
3090,2019-05-14,Northern,721.34,631.18,26.92,29.97,260.86,253.82,1009.12,914.97
3095,2019-05-15,Northern,721.34,651.3,26.92,31.19,260.86,253.08,1009.12,935.57
3100,2019-05-16,Northern,733.97,637.61,26.92,30.24,260.86,247.76,1021.75,915.61
3105,2019-05-17,Northern,733.97,613.67,26.92,31.29,260.86,249.91,1021.75,894.8699999999999
3110,2019-05-18,Northern,730.15,571.75,26.92,31.94,260.86,262.7,1017.93,866.3900000000001
3115,2019-05-19,Northern,730.15,602.88,26.92,34.47,260.86,268.54,1017.93,905.8900000000001
3120,2019-05-20,Northern,730.15,665.9,26.92,30.6,260.86,281.93,1017.93,978.4300000000001
3125,2019-05-21,Northern,730.15,694.73,26.92,30.33,260.86,287.09,1017.93,1012.1500000000001
3130,2019-05-22,Northern,730.95,703.47,26.92,29.83,260.86,287.41,1018.73,1020.71
3135,2019-05-23,Northern,730.95,708.61,26.92,29.7,260.86,293.88,1018.73,1032.19
3140,2019-05-24,Northern,730.57,658.79,26.92,30.66,260.86,277.25,1018.35,966.6999999999999
3145,2019-05-25,Northern,730.57,671.45,26.92,34.43,260.86,265.95,1018.35,971.8299999999999
3150,2019-05-26,Northern,730.57,663.74,26.92,33.9,260.86,257.74,1018.35,955.38
3155,2019-05-27,Northern,733.22,714.14,26.92,34.09,260.86,254.73,1021.0,1002.96
3160,2019-05-28,Northern,737.47,750.29,26.92,34.47,260.86,260.72,1025.25,1045.48
3165,2019-05-29,Northern,737.47,775.96,26.92,33.67,260.86,257.23,1025.25,1066.8600000000001
3170,2019-05-30,Northern,737.47,794.32,26.92,33.41,260.86,278.44,1025.25,1106.17
3175,2019-05-31,Northern,737.85,775.27,26.92,34.61,260.86,306.65,1025.63,1116.53
3180,2019-06-01,Northern,711.9,752.52,27.03,34.65,299.27,323.28,1038.1999999999998,1110.4499999999998
3185,2019-06-02,Northern,715.54,727.6,27.03,33.53,299.27,335.17,1041.84,1096.3
3190,2019-06-03,Northern,715.54,686.34,27.03,34.39,299.27,343.82,1041.84,1064.55
3195,2019-06-04,Northern,715.54,720.37,27.03,34.0,299.27,341.72,1041.84,1096.0900000000001
3200,2019-06-05,Northern,712.79,771.77,27.03,34.0,299.27,339.56,1039.09,1145.33
3205,2019-06-06,Northern,712.79,736.18,27.03,34.25,299.27,348.15,1039.09,1118.58
3210,2019-06-07,Northern,712.79,718.48,27.03,34.59,299.27,347.82,1039.09,1100.89
3215,2019-06-08,Northern,712.79,761.15,27.03,34.36,299.27,330.13,1039.09,1125.6399999999999
3220,2019-06-09,Northern,712.79,738.4,27.03,34.56,299.27,333.27,1039.09,1106.23
3225,2019-06-10,Northern,712.61,742.25,27.03,34.4,299.27,337.44,1038.9099999999999,1114.09
3230,2019-06-11,Northern,712.61,763.07,27.03,34.41,299.27,343.03,1038.9099999999999,1140.51
3235,2019-06-12,Northern,712.26,715.8,27.03,34.5,299.27,334.47,1038.56,1084.77
3240,2019-06-13,Northern,712.26,743.05,27.03,33.76,299.27,344.0,1038.56,1120.81
3245,2019-06-14,Northern,712.26,817.5,27.03,34.71,299.27,337.28,1038.56,1189.49
3250,2019-06-15,Northern,716.68,757.56,27.03,34.54,299.27,339.63,1042.98,1131.73
3255,2019-06-16,Northern,719.31,674.78,27.03,34.6,299.27,335.53,1045.61,1044.9099999999999
3260,2019-06-17,Northern,719.31,666.26,27.03,34.7,299.27,338.31,1045.61,1039.27
3265,2019-06-18,Northern,723.8,623.0,27.03,34.98,299.27,336.0,1050.1,993.98
3270,2019-06-19,Northern,724.15,675.26,27.03,35.11,299.27,320.97,1050.4499999999998,1031.3400000000001
3275,2019-06-20,Northern,724.15,682.11,27.03,34.56,299.27,314.04,1050.4499999999998,1030.71
3280,2019-06-21,Northern,724.15,721.88,27.03,34.35,299.27,325.82,1050.4499999999998,1082.05
3285,2019-06-22,Northern,723.8,730.19,27.03,34.58,299.27,318.06,1050.1,1082.8300000000002
3290,2019-06-23,Northern,723.8,703.43,27.03,34.71,299.27,324.09,1050.1,1062.23
3295,2019-06-24,Northern,721.15,694.45,27.03,34.63,299.27,341.22,1047.4499999999998,1070.3000000000002
3300,2019-06-25,Northern,721.15,723.36,27.03,34.6,299.27,355.1,1047.4499999999998,1113.06
3305,2019-06-26,Northern,721.15,744.54,27.03,34.51,299.27,355.28,1047.4499999999998,1134.33
3310,2019-06-27,Northern,721.15,731.28,27.03,34.57,299.27,346.71,1047.4499999999998,1112.56
3315,2019-06-28,Northern,721.15,749.89,27.03,34.33,299.27,351.31,1047.4499999999998,1135.53
3320,2019-06-29,Northern,721.5,751.83,27.03,34.35,299.27,337.12,1047.8,1123.3000000000002
3325,2019-06-30,Northern,721.5,740.57,27.03,33.45,299.27,346.65,1047.8,1120.67
3330,2019-07-01,Northern,658.28,758.87,26.88,34.52,319.37,360.0,1004.53,1153.3899999999999
3335,2019-07-02,Northern,660.85,753.56,26.88,34.53,319.37,362.55,1007.1,1150.6399999999999
3340,2019-07-03,Northern,660.85,764.78,26.88,34.63,319.37,362.92,1007.1,1162.33
3345,2019-07-04,Northern,660.85,729.45,26.88,34.43,319.37,356.32,1007.1,1120.2
3350,2019-07-05,Northern,663.52,677.6,26.88,34.9,319.37,355.29,1009.77,1067.79
3355,2019-07-06,Northern,663.52,621.74,26.88,34.91,319.37,352.4,1009.77,1009.05
3360,2019-07-07,Northern,663.52,605.86,26.88,34.82,319.37,357.3,1009.77,997.98
3365,2019-07-08,Northern,653.09,629.21,26.88,32.39,319.37,382.29,999.34,1043.89
3370,2019-07-09,Northern,653.09,579.98,26.88,33.62,319.37,382.47,999.34,996.07
3375,2019-07-10,Northern,653.09,579.15,26.88,33.55,319.37,381.83,999.34,994.53
3380,2019-07-11,Northern,653.09,565.57,26.88,34.48,319.37,359.93,999.34,959.98
3385,2019-07-12,Northern,648.18,597.21,26.88,34.56,319.37,363.69,994.43,995.46
3390,2019-07-13,Northern,648.18,592.03,26.88,34.58,319.37,360.04,994.43,986.6500000000001
3395,2019-07-14,Northern,648.18,551.27,26.88,34.43,319.37,350.14,994.43,935.8399999999999
3400,2019-07-15,Northern,648.18,551.53,26.88,34.76,319.37,345.16,994.43,931.45
3405,2019-07-16,Northern,648.18,521.04,26.88,34.72,319.37,348.17,994.43,903.9300000000001
3410,2019-07-17,Northern,648.24,545.31,26.88,34.7,319.37,340.37,994.49,920.38
3415,2019-07-18,Northern,648.24,574.73,26.88,34.54,319.37,332.88,994.49,942.15
3420,2019-07-19,Northern,648.24,650.87,26.88,34.54,319.37,336.97,994.49,1022.38
3425,2019-07-20,Northern,633.17,629.24,26.88,34.45,319.37,341.95,979.42,1005.6400000000001
3430,2019-07-21,Northern,626.48,634.36,26.88,34.52,319.37,340.14,972.73,1009.02
3435,2019-07-22,Northern,639.48,681.86,26.88,34.42,319.37,343.0,985.73,1059.28
3440,2019-07-23,Northern,639.48,704.17,26.88,34.09,319.37,334.44,985.73,1072.7
3445,2019-07-24,Northern,639.48,695.39,26.88,34.27,319.37,348.17,985.73,1077.83
3450,2019-07-25,Northern,625.85,626.58,26.88,34.49,319.37,334.24,972.1,995.3100000000001
3455,2019-07-26,Northern,628.64,582.06,26.88,34.52,319.37,329.13,974.89,945.7099999999999
3460,2019-07-27,Northern,628.64,561.76,26.88,34.65,319.37,315.99,974.89,912.4
3465,2019-07-28,Northern,631.29,528.5,26.88,34.72,319.37,336.91,977.54,900.1300000000001
3470,2019-07-29,Northern,631.29,568.38,26.88,34.37,319.37,369.25,977.54,972.0
3475,2019-07-30,Northern,631.29,626.74,26.88,34.48,319.37,338.87,977.54,1000.09
3480,2019-07-31,Northern,633.29,650.92,26.88,34.75,319.37,323.32,979.54,1008.99
3485,2019-08-01,Northern,639.66,643.39,26.88,34.61,341.97,335.73,1008.51,1013.73
3490,2019-08-02,Northern,639.66,592.43,26.88,33.66,341.97,335.0,1008.51,961.0899999999999
3495,2019-08-03,Northern,639.66,573.52,26.88,34.64,341.97,332.97,1008.51,941.13
3500,2019-08-04,Northern,637.69,588.41,26.88,34.49,341.97,349.94,1006.5400000000001,972.8399999999999
3505,2019-08-05,Northern,642.21,636.28,26.88,34.53,341.97,352.79,1011.0600000000001,1023.5999999999999
3510,2019-08-06,Northern,644.18,612.71,26.88,34.57,341.97,348.1,1013.03,995.3800000000001
3515,2019-08-07,Northern,654.82,600.94,26.88,31.8,341.97,350.83,1023.6700000000001,983.5699999999999
3520,2019-08-08,Northern,654.82,636.94,26.88,31.77,341.97,344.84,1023.6700000000001,1013.55
3525,2019-08-09,Northern,667.25,614.76,26.88,30.35,341.97,290.59,1036.1,935.7
3530,2019-08-10,Northern,667.25,610.9,26.88,30.34,341.97,352.11,1036.1,993.35
3535,2019-08-11,Northern,679.25,618.1,26.88,29.99,341.97,350.41,1048.1,998.5
3540,2019-08-12,Northern,679.25,672.41,26.88,30.41,341.97,355.51,1048.1,1058.33
3545,2019-08-13,Northern,679.25,649.15,26.88,30.19,341.97,353.77,1048.1,1033.1100000000001
3550,2019-08-14,Northern,684.14,623.24,26.88,29.5,341.97,352.37,1052.99,1005.11
3555,2019-08-15,Northern,696.09,542.09,26.88,30.28,341.97,355.57,1064.94,927.94
3560,2019-08-16,Northern,684.49,545.76,26.88,30.47,341.97,363.83,1053.3400000000001,940.06
3565,2019-08-17,Northern,684.49,491.18,26.88,30.67,341.97,352.24,1053.3400000000001,874.09
3570,2019-08-18,Northern,684.49,439.63,26.88,34.33,341.97,288.49,1053.3400000000001,762.45
3575,2019-08-19,Northern,678.78,499.7,26.88,34.58,341.97,296.92,1047.63,831.2
3580,2019-08-20,Northern,675.83,554.04,26.88,34.41,341.97,348.41,1044.68,936.8599999999999
3585,2019-08-21,Northern,675.83,580.7,26.88,34.51,341.97,360.49,1044.68,975.7
3590,2019-08-22,Northern,677.96,600.65,26.88,34.8,341.97,356.75,1046.81,992.1999999999999
3595,2019-08-23,Northern,677.96,650.49,26.88,34.93,341.97,363.08,1046.81,1048.5
3600,2019-08-24,Northern,675.31,637.26,26.88,34.78,341.97,356.36,1044.1599999999999,1028.4
3605,2019-08-25,Northern,675.31,628.69,26.88,34.7,341.97,298.57,1044.1599999999999,961.96
3610,2019-08-26,Northern,675.31,638.15,26.88,34.64,341.97,359.4,1044.1599999999999,1032.19
3615,2019-08-27,Northern,677.96,694.63,26.88,34.55,341.97,367.38,1046.81,1096.56
3620,2019-08-28,Northern,677.96,743.75,26.88,34.56,341.97,370.53,1046.81,1148.84
3625,2019-08-29,Northern,677.96,751.45,26.88,34.55,341.97,369.87,1046.81,1155.87
3630,2019-08-30,Northern,677.96,740.35,26.88,34.57,341.97,363.77,1046.81,1138.69
3635,2019-08-31,Northern,677.96,739.96,26.88,34.48,341.97,357.8,1046.81,1132.24
3640,2019-09-01,Northern,696.56,670.26,27.0,34.59,257.05,358.8,980.6099999999999,1063.65
3645,2019-09-02,Northern,696.56,656.03,27.0,34.49,257.05,354.5,980.6099999999999,1045.02
3650,2019-09-03,Northern,693.92,673.06,27.0,34.43,257.05,362.66,977.97,1070.1499999999999
3655,2019-09-04,Northern,693.92,653.32,27.0,34.5,257.05,362.28,977.97,1050.1
3660,2019-09-05,Northern,693.92,641.19,27.0,34.2,257.05,361.51,977.97,1036.9
3665,2019-09-06,Northern,706.96,635.47,27.0,34.26,257.05,372.66,991.01,1042.39
3670,2019-09-07,Northern,706.96,640.36,27.0,34.61,257.05,373.75,991.01,1048.72
3675,2019-09-08,Northern,706.96,615.75,27.0,34.64,257.05,369.13,991.01,1019.52
3680,2019-09-09,Northern,710.14,664.57,27.0,34.49,257.05,362.96,994.19,1062.02
3685,2019-09-10,Northern,710.14,713.87,27.0,34.41,257.05,366.14,994.19,1114.42
3690,2019-09-11,Northern,709.58,717.84,27.0,34.36,257.05,355.04,993.6300000000001,1107.24
3695,2019-09-12,Northern,709.58,728.94,27.0,34.55,257.05,352.61,993.6300000000001,1116.1
3700,2019-09-13,Northern,712.8,708.41,27.0,34.51,257.05,342.76,996.8499999999999,1085.6799999999998
3705,2019-09-14,Northern,712.8,713.19,27.0,34.7,257.05,331.54,996.8499999999999,1079.43
3710,2019-09-15,Northern,712.8,677.75,27.0,34.77,257.05,323.43,996.8499999999999,1035.95
3715,2019-09-16,Northern,703.0,668.07,27.0,33.57,257.05,327.29,987.05,1028.93
3720,2019-09-17,Northern,703.0,665.46,27.0,33.6,257.05,322.85,987.05,1021.9100000000001
3725,2019-09-18,Northern,703.0,694.28,27.0,33.71,257.05,305.45,987.05,1033.44
3730,2019-09-19,Northern,703.0,671.52,27.0,33.83,257.05,296.65,987.05,1002.0
3735,2019-09-20,Northern,703.0,676.92,27.0,34.89,257.05,290.7,987.05,1002.51
3740,2019-09-21,Northern,704.9,671.51,27.0,34.91,257.05,287.89,988.95,994.31
3745,2019-09-22,Northern,704.9,598.13,27.0,35.1,257.05,268.6,988.95,901.83
3750,2019-09-23,Northern,704.9,613.6,27.0,35.01,257.05,251.66,988.95,900.27
3755,2019-09-24,Northern,704.9,627.61,27.0,34.94,257.05,249.15,988.95,911.6999999999999
3760,2019-09-25,Northern,701.82,619.45,27.0,34.75,257.05,266.73,985.8700000000001,920.9300000000001
3765,2019-09-26,Northern,701.82,559.6,27.0,34.8,257.05,271.9,985.8700000000001,866.3
3770,2019-09-27,Northern,701.82,500.75,27.0,34.71,257.05,283.06,985.8700000000001,818.52
3775,2019-09-28,Northern,701.82,449.11,27.0,29.45,257.05,274.59,985.8700000000001,753.15
3780,2019-09-29,Northern,701.82,402.14,27.0,29.65,257.05,268.23,985.8700000000001,700.02
3785,2019-09-30,Northern,701.82,428.04,27.0,29.5,257.05,274.19,985.8700000000001,731.73
3790,2019-10-01,Northern,702.29,485.81,30.72,29.54,157.27,256.33,890.28,771.6800000000001
3795,2019-10-02,Northern,705.36,480.29,30.72,30.19,157.27,235.71,893.35,746.19
3800,2019-10-03,Northern,705.36,530.65,30.72,34.18,157.27,216.02,893.35,780.8499999999999
3805,2019-10-04,Northern,705.36,533.05,30.72,34.8,157.27,214.56,893.35,782.4099999999999
3810,2019-10-05,Northern,705.36,555.91,30.72,35.04,157.27,209.96,893.35,800.91
3815,2019-10-06,Northern,702.58,570.34,30.72,34.97,157.27,206.44,890.57,811.75
3820,2019-10-07,Northern,702.58,576.76,30.72,35.03,157.27,204.22,890.57,816.01
3825,2019-10-08,Northern,702.58,545.57,30.72,35.11,157.27,207.69,890.57,788.3700000000001
3830,2019-10-09,Northern,702.58,579.08,30.72,35.12,157.27,198.7,890.57,812.9000000000001
3835,2019-10-10,Northern,702.58,611.73,30.72,35.19,157.27,199.06,890.57,845.98
3840,2019-10-11,Northern,711.55,611.54,30.72,35.25,157.27,185.76,899.54,832.55
3845,2019-10-12,Northern,711.55,609.08,30.72,35.19,157.27,185.76,899.54,830.03
3850,2019-10-13,Northern,711.55,581.67,30.72,35.12,157.27,178.42,899.54,795.2099999999999
3855,2019-10-14,Northern,714.33,623.67,30.72,35.17,157.27,172.16,902.32,830.9999999999999
3860,2019-10-15,Northern,711.29,628.74,30.72,35.16,157.27,170.86,899.28,834.76
3865,2019-10-16,Northern,711.29,626.83,30.72,35.12,157.27,166.43,899.28,828.3800000000001
3870,2019-10-17,Northern,711.29,628.69,30.72,35.17,157.27,164.31,899.28,828.1700000000001
3875,2019-10-18,Northern,711.29,583.54,30.72,35.14,157.27,162.9,899.28,781.5799999999999
3880,2019-10-19,Northern,713.94,570.67,30.72,35.17,157.27,161.63,901.9300000000001,767.4699999999999
3885,2019-10-20,Northern,711.29,542.82,30.72,35.28,157.27,159.31,899.28,737.4100000000001
3890,2019-10-21,Northern,711.29,532.82,30.72,35.35,157.27,160.46,899.28,728.6300000000001
3895,2019-10-22,Northern,714.33,523.8,30.72,35.17,157.27,155.74,902.32,714.7099999999999
3900,2019-10-23,Northern,714.33,527.15,30.72,34.16,157.27,158.47,902.32,719.78
3905,2019-10-24,Northern,714.33,524.94,30.72,35.43,157.27,155.07,902.32,715.44
3910,2019-10-25,Northern,714.26,533.61,30.72,32.58,157.27,152.57,902.25,718.76
3915,2019-10-26,Northern,714.26,513.71,30.72,30.62,157.27,150.46,902.25,694.7900000000001
3920,2019-10-27,Northern,714.26,496.38,30.72,31.47,157.27,153.02,902.25,680.87
3925,2019-10-28,Northern,716.91,452.11,30.72,35.11,157.27,143.97,904.9,631.19
3930,2019-10-29,Northern,716.98,459.38,30.72,31.08,157.27,136.7,904.97,627.16
3935,2019-10-30,Northern,716.98,490.32,30.72,30.97,157.27,138.88,904.97,660.17
3940,2019-10-31,Northern,716.98,514.54,30.72,32.28,157.27,138.37,904.97,685.1899999999999
3945,2019-11-01,Northern,678.04,531.0,30.83,34.09,117.75,140.0,826.62,705.09
3950,2019-11-02,Northern,678.04,534.6,30.83,35.19,117.75,136.6,826.62,706.39
3955,2019-11-03,Northern,678.15,514.18,30.83,35.4,117.75,136.31,826.73,685.8899999999999
3960,2019-11-04,Northern,668.86,546.36,30.83,35.13,117.75,136.41,817.44,717.9
3965,2019-11-05,Northern,668.86,542.79,30.83,35.44,117.75,138.45,817.44,716.6800000000001
3970,2019-11-06,Northern,670.82,537.9,30.83,36.48,117.75,130.75,819.4000000000001,705.13
3975,2019-11-07,Northern,670.82,506.62,30.83,35.49,117.75,135.34,819.4000000000001,677.45
3980,2019-11-08,Northern,657.39,490.89,30.83,35.31,117.75,134.79,805.97,660.99
3985,2019-11-09,Northern,657.39,485.72,30.83,35.56,117.75,136.86,805.97,658.14
3990,2019-11-10,Northern,647.61,482.93,30.83,35.67,117.75,134.04,796.19,652.64
3995,2019-11-11,Northern,647.61,502.18,30.83,35.66,117.75,134.44,796.19,672.28
4000,2019-11-12,Northern,646.97,504.9,30.83,35.53,117.75,133.0,795.5500000000001,673.43
4005,2019-11-13,Northern,646.97,517.88,30.83,35.53,117.75,131.79,795.5500000000001,685.1999999999999
4010,2019-11-14,Northern,646.97,515.12,30.83,35.47,117.75,130.02,795.5500000000001,680.61
4015,2019-11-15,Northern,642.8,503.53,30.83,35.59,117.75,131.65,791.38,670.77
4020,2019-11-16,Northern,642.8,492.35,30.83,36.09,117.75,133.95,791.38,662.3900000000001
4025,2019-11-17,Northern,642.8,477.0,30.83,35.67,117.75,135.33,791.38,648.0
4030,2019-11-18,Northern,640.72,487.89,30.83,35.66,117.75,131.29,789.3000000000001,654.8399999999999
4035,2019-11-19,Northern,644.14,502.3,30.83,35.84,117.75,132.69,792.72,670.8299999999999
4040,2019-11-20,Northern,644.14,519.52,30.83,35.76,117.75,126.63,792.72,681.91
4045,2019-11-21,Northern,644.14,514.53,30.83,35.78,117.75,123.82,792.72,674.1299999999999
4050,2019-11-22,Northern,644.89,519.39,30.83,35.64,117.75,123.34,793.47,678.37
4055,2019-11-23,Northern,656.52,516.12,30.83,35.8,117.75,125.38,805.1,677.3
4060,2019-11-24,Northern,656.16,490.66,30.83,35.77,117.75,127.08,804.74,653.5100000000001
4065,2019-11-25,Northern,652.41,517.42,30.83,35.64,117.75,130.56,800.99,683.6199999999999
4070,2019-11-26,Northern,659.61,507.15,30.83,35.7,117.75,128.9,808.19,671.75
4075,2019-11-27,Northern,659.61,495.91,30.83,35.69,117.75,128.48,808.19,660.08
4080,2019-11-28,Northern,659.61,469.23,30.83,32.74,117.75,137.58,808.19,639.5500000000001
4085,2019-11-29,Northern,659.97,464.07,30.83,35.92,117.75,133.25,808.5500000000001,633.24
4090,2019-11-30,Northern,659.97,457.33,30.83,35.94,117.75,130.02,808.5500000000001,623.29
4095,2019-12-01,Northern,637.62,441.19,30.72,34.13,104.8,128.33,773.14,603.65
4100,2019-12-02,Northern,637.72,472.56,30.72,30.47,104.8,128.64,773.24,631.67
4105,2019-12-03,Northern,637.72,482.41,30.72,30.53,104.8,124.31,773.24,637.25
4110,2019-12-04,Northern,639.36,493.6,30.72,30.31,104.8,127.65,774.88,651.56
4115,2019-12-05,Northern,639.36,486.08,30.72,34.86,104.8,131.49,774.88,652.43
4120,2019-12-06,Northern,639.36,492.56,30.72,31.34,104.8,130.09,774.88,653.99
4125,2019-12-07,Northern,639.36,497.53,30.72,26.8,104.8,128.78,774.88,653.1099999999999
4130,2019-12-08,Northern,639.36,482.98,30.72,25.66,104.8,131.35,774.88,639.99
4135,2019-12-09,Northern,641.66,507.81,30.72,25.62,104.8,131.4,777.18,664.8299999999999
4140,2019-12-10,Northern,632.96,530.27,30.72,31.08,104.8,126.37,768.48,687.72
4145,2019-12-11,Northern,632.96,547.47,30.72,31.19,104.8,127.84,768.48,706.5000000000001
4150,2019-12-12,Northern,632.96,524.95,30.72,31.2,104.8,124.17,768.48,680.32
4155,2019-12-13,Northern,636.75,444.66,30.72,30.39,104.8,129.37,772.27,604.4200000000001
4160,2019-12-14,Northern,628.64,467.18,30.72,31.29,104.8,129.83,764.16,628.3000000000001
4165,2019-12-15,Northern,626.8,451.08,30.72,35.19,104.8,121.14,762.3199999999999,607.41
4170,2019-12-16,Northern,646.42,473.89,30.72,35.31,104.8,122.52,781.9399999999999,631.72
4175,2019-12-17,Northern,646.42,497.25,30.72,35.44,104.8,117.26,781.9399999999999,649.95
4180,2019-12-18,Northern,650.57,521.85,30.72,35.59,104.8,118.37,786.09,675.8100000000001
4185,2019-12-19,Northern,673.5,538.82,30.72,35.57,104.8,115.51,809.02,689.9000000000001
4190,2019-12-20,Northern,675.92,555.64,30.72,35.74,104.8,114.98,811.4399999999999,706.36
4195,2019-12-21,Northern,676.3,534.94,30.72,35.4,104.8,121.51,811.8199999999999,691.85
4200,2019-12-22,Northern,676.3,526.88,30.72,35.57,104.8,114.97,811.8199999999999,677.4200000000001
4205,2019-12-23,Northern,676.3,556.7,30.72,35.54,104.8,122.0,811.8199999999999,714.24
4210,2019-12-24,Northern,676.3,576.51,30.72,36.44,104.8,119.63,811.8199999999999,732.58
4215,2019-12-25,Northern,676.3,582.85,30.72,33.53,104.8,119.1,811.8199999999999,735.48
4220,2019-12-26,Northern,685.97,591.9,30.72,36.57,104.8,116.5,821.49,744.97
4225,2019-12-27,Northern,685.97,589.75,30.72,36.69,104.8,115.0,821.49,741.44
4230,2019-12-28,Northern,685.97,558.54,30.72,36.69,104.8,114.31,821.49,709.54
4235,2019-12-29,Northern,685.97,545.82,30.72,36.69,104.8,120.21,821.49,702.72
4240,2019-12-30,Northern,685.97,586.28,30.72,36.68,104.8,122.56,821.49,745.52
4245,2019-12-31,Northern,703.04,597.52,30.72,36.71,104.8,114.53,838.56,748.76
4250,2020-01-01,Northern,671.49,578.84,26.24,36.58,95.94,113.29,793.6700000000001,728.71
4255,2020-01-02,Northern,671.53,588.32,26.24,36.46,95.94,104.71,793.71,729.4900000000001
4260,2020-01-03,Northern,671.86,593.91,26.24,36.4,95.94,108.71,794.04,739.02
4265,2020-01-04,Northern,671.86,605.87,26.24,36.44,95.94,111.99,794.04,754.3
4270,2020-01-05,Northern,671.86,581.56,26.24,36.49,95.94,109.4,794.04,727.4499999999999
4275,2020-01-06,Northern,671.86,572.72,26.24,36.43,95.94,111.21,794.04,720.36
4280,2020-01-07,Northern,671.86,590.06,26.24,36.33,95.94,107.05,794.04,733.4399999999999
4285,2020-01-08,Northern,674.4,589.83,26.24,36.14,95.94,104.14,796.5799999999999,730.11
4290,2020-01-09,Northern,674.4,568.94,26.24,36.72,95.94,116.16,796.5799999999999,721.82
4295,2020-01-10,Northern,674.4,573.05,26.24,36.58,95.94,113.18,796.5799999999999,722.81
4300,2020-01-11,Northern,674.4,562.1,26.24,36.77,95.94,105.09,796.5799999999999,703.96
4305,2020-01-12,Northern,674.4,579.71,26.24,36.61,95.94,104.2,796.5799999999999,720.5200000000001
4310,2020-01-13,Northern,674.4,583.75,26.24,36.43,95.94,114.67,796.5799999999999,734.8499999999999
4315,2020-01-14,Northern,671.55,570.03,26.24,36.61,95.94,129.75,793.73,736.39
4320,2020-01-15,Northern,669.41,558.91,26.24,35.51,95.94,123.04,791.5899999999999,717.4599999999999
4325,2020-01-16,Northern,669.41,540.83,26.24,30.75,95.94,121.37,791.5899999999999,692.95
4330,2020-01-17,Northern,669.41,544.59,26.24,30.86,95.94,123.25,791.5899999999999,698.7
4335,2020-01-18,Northern,669.41,545.62,26.24,30.99,95.94,128.84,791.5899999999999,705.45
4340,2020-01-19,Northern,679.46,520.05,26.24,30.97,95.94,125.61,801.6400000000001,676.63
4345,2020-01-20,Northern,675.41,553.92,26.24,31.0,95.94,126.43,797.5899999999999,711.3499999999999
4350,2020-01-21,Northern,676.13,569.42,26.24,30.84,95.94,124.04,798.31,724.3
4355,2020-01-22,Northern,689.53,548.89,26.24,30.93,95.94,127.22,811.71,707.04
4360,2020-01-23,Northern,689.53,550.41,26.24,29.91,95.94,123.88,811.71,704.1999999999999
4365,2020-01-24,Northern,689.53,567.32,26.24,28.87,95.94,131.55,811.71,727.74
4370,2020-01-25,Northern,689.53,576.06,26.24,30.81,95.94,128.14,811.71,735.0099999999999
4375,2020-01-26,Northern,692.36,553.28,26.24,30.72,95.94,120.66,814.54,704.66
4380,2020-01-27,Northern,692.36,560.71,26.24,29.93,95.94,114.48,814.54,705.12
4385,2020-01-28,Northern,692.36,563.76,26.24,30.53,95.94,121.19,814.54,715.48
4390,2020-01-29,Northern,702.03,554.58,26.24,30.68,95.94,127.55,824.21,712.81
4395,2020-01-30,Northern,699.48,546.33,26.24,30.9,95.94,128.05,821.6600000000001,705.28
4400,2020-01-31,Northern,715.48,562.72,26.24,30.84,95.94,125.15,837.6600000000001,718.71
4405,2020-02-01,Northern,696.52,557.03,21.74,30.79,101.72,122.01,819.98,709.8299999999999
4410,2020-02-02,Northern,696.52,547.91,21.74,30.82,101.72,124.4,819.98,703.13
4415,2020-02-03,Northern,696.52,573.0,21.74,30.63,101.72,120.38,819.98,724.01
4420,2020-02-04,Northern,686.27,573.35,21.74,30.63,101.72,121.33,809.73,725.3100000000001
4425,2020-02-05,Northern,684.31,569.76,21.74,30.72,101.72,122.5,807.77,722.98
4430,2020-02-06,Northern,684.31,581.88,21.74,30.72,101.72,123.0,807.77,735.6
4435,2020-02-07,Northern,686.92,600.6,21.74,30.75,101.72,119.85,810.38,751.2
4440,2020-02-08,Northern,686.31,584.24,21.74,30.79,101.72,119.17,809.77,734.1999999999999
4445,2020-02-09,Northern,686.31,564.23,21.74,30.71,101.72,120.53,809.77,715.47
4450,2020-02-10,Northern,686.31,577.73,21.74,30.72,101.72,117.7,809.77,726.1500000000001
4455,2020-02-11,Northern,686.31,578.89,21.74,30.73,101.72,121.37,809.77,730.99
4460,2020-02-12,Northern,686.31,576.41,21.74,30.61,101.72,124.54,809.77,731.56
4465,2020-02-13,Northern,686.31,585.31,21.74,30.52,101.72,122.21,809.77,738.04
4470,2020-02-14,Northern,686.31,579.76,21.74,30.52,101.72,122.45,809.77,732.73
4475,2020-02-15,Northern,685.93,593.04,26.21,30.58,101.72,121.38,813.86,745.0
4480,2020-02-16,Northern,688.5,572.96,21.74,29.58,101.72,124.97,811.96,727.5100000000001
4485,2020-02-17,Northern,688.5,571.42,21.74,30.54,101.72,132.8,811.96,734.76
4490,2020-02-18,Northern,688.43,587.39,21.74,30.43,101.72,135.79,811.89,753.6099999999999
4495,2020-02-19,Northern,685.93,566.72,21.74,27.32,101.72,135.58,809.39,729.6200000000001
4500,2020-02-20,Northern,686.31,539.44,21.74,24.92,101.72,128.11,809.77,692.47
4505,2020-02-21,Northern,691.2,525.44,21.74,25.15,101.72,126.83,814.6600000000001,677.4200000000001
4510,2020-02-22,Northern,691.2,516.85,21.74,25.01,101.72,129.72,814.6600000000001,671.58
4515,2020-02-23,Northern,691.2,504.35,21.74,25.06,101.72,126.99,814.6600000000001,656.4
4520,2020-02-24,Northern,691.2,545.07,21.74,25.04,101.72,125.63,814.6600000000001,695.74
4525,2020-02-25,Northern,691.2,543.68,21.74,25.02,101.72,127.88,814.6600000000001,696.5799999999999
4530,2020-02-26,Northern,691.2,556.34,21.74,24.88,101.72,133.41,814.6600000000001,714.63
4535,2020-02-27,Northern,693.77,537.59,21.74,25.02,101.72,134.26,817.23,696.87
4540,2020-02-28,Northern,693.77,528.72,21.74,24.83,101.72,133.55,817.23,687.1000000000001
4545,2020-02-29,Northern,706.02,508.51,21.74,24.86,101.72,132.04,829.48,665.41
4550,2020-03-01,Northern,704.85,465.35,21.76,24.96,124.4,131.04,851.01,621.35
4555,2020-03-02,Northern,711.32,488.46,21.76,24.74,124.4,136.09,857.48,649.29
4560,2020-03-03,Northern,710.32,510.96,21.76,30.28,124.4,140.73,856.48,681.97
4565,2020-03-04,Northern,710.32,502.2,21.76,30.29,124.4,136.98,856.48,669.47
4570,2020-03-05,Northern,714.36,452.86,21.76,30.32,124.4,137.21,860.52,620.39
4575,2020-03-06,Northern,714.36,440.59,21.76,30.6,124.4,136.51,860.52,607.7
4580,2020-03-07,Northern,714.36,433.83,21.76,30.69,124.4,130.55,860.52,595.0699999999999
4585,2020-03-08,Northern,714.36,427.57,21.76,30.73,124.4,130.97,860.52,589.27
4590,2020-03-09,Northern,714.36,411.79,21.76,30.6,124.4,128.42,860.52,570.8100000000001
4595,2020-03-10,Northern,714.36,355.08,21.76,30.64,124.4,124.27,860.52,509.98999999999995
4600,2020-03-11,Northern,714.36,355.89,21.76,30.56,124.4,124.51,860.52,510.96
4605,2020-03-12,Northern,699.33,368.11,21.76,30.42,124.4,132.12,845.49,530.6500000000001
4610,2020-03-13,Northern,700.33,393.54,21.76,30.49,124.4,142.25,846.49,566.28
4615,2020-03-14,Northern,697.41,414.25,21.76,30.54,124.4,144.71,843.5699999999999,589.5
4620,2020-03-15,Northern,683.49,394.24,21.76,30.59,124.4,140.37,829.65,565.2
4625,2020-03-16,Northern,683.49,408.49,21.76,30.53,124.4,138.34,829.65,577.36
4630,2020-03-17,Northern,683.49,439.09,26.23,30.37,124.4,141.16,834.12,610.62
0,2020-06-01,Northern,748.55,409.95,27.0,34.65,302.26,289.11,1077.81,733.71
5,2020-06-02,Northern,748.55,424.97,27.0,34.32,302.26,278.44,1077.81,737.73
10,2020-06-03,Northern,748.55,435.42,27.0,34.42,302.26,278.75,1077.81,748.59
15,2020-06-04,Northern,748.55,422.8,27.0,34.75,302.26,278.94,1077.81,736.49
20,2020-06-05,Northern,745.8,396.88,27.0,34.73,302.26,283.28,1075.06,714.89
25,2020-06-06,Northern,746.48,419.11,27.0,34.69,302.26,287.81,1075.74,741.61
30,2020-06-07,Northern,746.48,424.54,27.0,34.67,302.26,287.14,1075.74,746.35
35,2020-06-08,Northern,749.39,460.59,27.0,34.36,302.26,311.97,1078.65,806.9200000000001
40,2020-06-09,Northern,746.44,527.16,27.0,34.19,302.26,334.5,1075.7,895.8499999999999
45,2020-06-10,Northern,746.44,578.9,27.0,34.12,302.26,337.95,1075.7,950.97
50,2020-06-11,Northern,746.44,594.83,27.0,34.01,302.26,345.67,1075.7,974.51
55,2020-06-12,Northern,749.7,631.93,27.0,33.31,302.26,351.9,1078.96,1017.14
60,2020-06-13,Northern,747.02,628.29,27.0,34.19,302.26,349.7,1076.28,1012.1800000000001
65,2020-06-14,Northern,747.02,630.89,27.0,34.37,302.26,360.94,1076.28,1026.2
70,2020-06-15,Northern,743.15,665.33,27.0,33.88,302.26,362.97,1072.4099999999999,1062.18
75,2020-06-16,Northern,743.29,668.85,27.0,33.6,302.26,356.17,1072.55,1058.6200000000001
80,2020-06-17,Northern,746.24,665.42,27.0,32.65,302.26,365.74,1075.5,1063.81
85,2020-06-18,Northern,746.24,666.2,27.0,32.9,302.26,367.06,1075.5,1066.16
90,2020-06-19,Northern,746.24,665.19,27.0,33.03,302.26,364.29,1075.5,1062.51
95,2020-06-20,Northern,746.24,640.51,27.0,32.54,302.26,366.79,1075.5,1039.84
100,2020-06-21,Northern,754.32,603.07,27.0,32.59,302.26,359.35,1083.58,995.0100000000001
105,2020-06-22,Northern,754.32,608.42,27.0,32.37,302.26,363.31,1083.58,1004.0999999999999
110,2020-06-23,Northern,754.32,643.31,27.0,33.5,302.26,367.21,1083.58,1044.02
115,2020-06-24,Northern,753.64,618.87,27.0,33.67,302.26,369.23,1082.9,1021.77
120,2020-06-25,Northern,753.64,591.15,27.0,33.49,302.26,371.45,1082.9,996.0899999999999
125,2020-06-26,Northern,751.4,606.25,27.0,33.25,302.26,361.29,1080.6599999999999,1000.79
130,2020-06-27,Northern,751.4,630.97,27.0,33.12,302.26,364.73,1080.6599999999999,1028.8200000000002
135,2020-06-28,Northern,751.4,636.33,27.0,32.49,302.26,354.98,1080.6599999999999,1023.8000000000001
140,2020-06-29,Northern,751.4,634.46,27.0,33.12,302.26,353.01,1080.6599999999999,1020.59
145,2020-06-30,Northern,763.13,684.77,27.0,33.19,302.26,353.97,1092.3899999999999,1071.93
150,2020-07-01,Northern,700.54,716.04,26.88,29.37,327.08,357.57,1054.5,1102.98
155,2020-07-02,Northern,700.54,726.52,26.88,28.97,327.08,364.94,1054.5,1120.43
160,2020-07-03,Northern,700.54,715.13,26.88,29.17,327.08,362.51,1054.5,1106.81
165,2020-07-04,Northern,700.54,667.95,26.88,29.46,327.08,356.97,1054.5,1054.38
170,2020-07-05,Northern,700.54,540.13,26.88,29.63,327.08,349.77,1054.5,919.53
175,2020-07-06,Northern,700.54,573.55,26.88,29.65,327.08,358.03,1054.5,961.2299999999999
180,2020-07-07,Northern,700.54,582.03,26.88,29.74,327.08,358.99,1054.5,970.76
185,2020-07-08,Northern,703.21,587.65,26.88,29.66,327.08,366.44,1057.17,983.75
190,2020-07-09,Northern,703.21,630.52,26.88,29.62,327.08,362.85,1057.17,1022.99
195,2020-07-10,Northern,703.04,637.93,26.88,29.43,327.08,359.72,1057.0,1027.08
200,2020-07-11,Northern,703.04,593.74,26.88,27.45,327.08,360.84,1057.0,982.03
205,2020-07-12,Northern,703.04,537.1,26.88,28.65,327.08,349.34,1057.0,915.0899999999999
210,2020-07-13,Northern,703.04,591.6,26.88,28.63,327.08,355.66,1057.0,975.8900000000001
215,2020-07-14,Northern,703.04,627.14,26.88,28.43,327.08,354.21,1057.0,1009.78
220,2020-07-15,Northern,703.04,652.31,26.88,27.49,327.08,353.1,1057.0,1032.9
225,2020-07-16,Northern,703.04,673.22,26.88,28.46,327.08,340.33,1057.0,1042.01
230,2020-07-17,Northern,700.52,679.38,26.88,28.23,327.08,354.52,1054.48,1062.13
235,2020-07-18,Northern,700.52,675.6,26.88,28.44,327.08,350.99,1054.48,1055.0300000000002
240,2020-07-19,Northern,700.52,641.31,26.88,28.54,327.08,344.49,1054.48,1014.3399999999999
245,2020-07-20,Northern,702.94,593.52,26.88,29.63,327.08,345.19,1056.9,968.3399999999999
250,2020-07-21,Northern,711.03,520.29,26.88,29.65,327.08,342.33,1064.99,892.27
255,2020-07-22,Northern,711.03,533.03,26.88,29.61,327.08,337.47,1064.99,900.11
260,2020-07-23,Northern,711.03,561.11,26.88,29.62,327.08,334.48,1064.99,925.21
265,2020-07-24,Northern,711.03,593.47,26.88,28.65,327.08,330.68,1064.99,952.8
270,2020-07-25,Northern,708.11,616.91,26.88,27.66,327.08,339.65,1062.07,984.2199999999999
275,2020-07-26,Northern,708.11,638.61,26.88,29.5,327.08,346.62,1062.07,1014.73
280,2020-07-27,Northern,708.11,674.97,26.88,29.16,327.08,354.85,1062.07,1058.98
285,2020-07-28,Northern,708.11,680.4,26.88,27.16,327.08,352.65,1062.07,1060.21
290,2020-07-29,Northern,708.11,655.4,26.88,28.23,327.08,348.0,1062.07,1031.63
295,2020-07-30,Northern,708.11,612.32,26.88,22.77,327.08,343.59,1062.07,978.6800000000001
300,2020-07-31,Northern,708.11,625.88,26.88,22.78,327.08,348.39,1062.07,997.05
305,2020-08-01,Northern,669.47,602.96,26.88,23.41,348.72,351.98,1045.0700000000002,978.35
